2026-09-13T09:39:10+00:00
Traceback (most recent call last):
  File "D:\PRADIP.KAMU\Downloads\Classic-Outlook-Followup-Organizer-2.0-Pilot\Classic-Outlook-Followup-Organizer-2.0-Pilot\engine\outlook_worker.py", line 171, in run
    if self.app is None:self.connect()
                        ~~~~~~~~~~~~^^
  File "D:\PRADIP.KAMU\Downloads\Classic-Outlook-Followup-Organizer-2.0-Pilot\Classic-Outlook-Followup-Organizer-2.0-Pilot\engine\outlook_worker.py", line 47, in connect
    active=win32com.client.GetActiveObject('Outlook.Application')
  File "D:\PRADIP.KAMU\Downloads\Classic-Outlook-Followup-Organizer-2.0-Pilot\Classic-Outlook-Followup-Organizer-2.0-Pilot\.venv\Lib\site-packages\win32com\client\__init__.py", line 94, in GetActiveObject
    dispatch = pythoncom.GetActiveObject(resultCLSID)
pywintypes.com_error: (-2147221021, 'Operation unavailable', None, None)

2026-09-13T09:39:15+00:00
Traceback (most recent call last):
  File "D:\PRADIP.KAMU\Downloads\Classic-Outlook-Followup-Organizer-2.0-Pilot\Classic-Outlook-Followup-Organizer-2.0-Pilot\engine\outlook_worker.py", line 171, in run
    if self.app is None:self.connect()
                        ~~~~~~~~~~~~^^
  File "D:\PRADIP.KAMU\Downloads\Classic-Outlook-Followup-Organizer-2.0-Pilot\Classic-Outlook-Followup-Organizer-2.0-Pilot\engine\outlook_worker.py", line 47, in connect
    active=win32com.client.GetActiveObject('Outlook.Application')
  File "D:\PRADIP.KAMU\Downloads\Classic-Outlook-Followup-Organizer-2.0-Pilot\Classic-Outlook-Followup-Organizer-2.0-Pilot\.venv\Lib\site-packages\win32com\client\__init__.py", line 94, in GetActiveObject
    dispatch = pythoncom.GetActiveObject(resultCLSID)
pywintypes.com_error: (-2147221021, 'Operation unavailable', None, None)

2026-09-13T09:39:25+00:00
Traceback (most recent call last):
  File "D:\PRADIP.KAMU\Downloads\Classic-Outlook-Followup-Organizer-2.0-Pilot\Classic-Outlook-Followup-Organizer-2.0-Pilot\engine\outlook_worker.py", line 171, in run
    if self.app is None:self.connect()
                        ~~~~~~~~~~~~^^
  File "D:\PRADIP.KAMU\Downloads\Classic-Outlook-Followup-Organizer-2.0-Pilot\Classic-Outlook-Followup-Organizer-2.0-Pilot\engine\outlook_worker.py", line 47, in connect
    active=win32com.client.GetActiveObject('Outlook.Application')
  File "D:\PRADIP.KAMU\Downloads\Classic-Outlook-Followup-Organizer-2.0-Pilot\Classic-Outlook-Followup-Organizer-2.0-Pilot\.venv\Lib\site-packages\win32com\client\__init__.py", line 94, in GetActiveObject
    dispatch = pythoncom.GetActiveObject(resultCLSID)
pywintypes.com_error: (-2147221021, 'Operation unavailable', None, None)

2026-09-13T09:39:40+00:00
Traceback (most recent call last):
  File "D:\PRADIP.KAMU\Downloads\Classic-Outlook-Followup-Organizer-2.0-Pilot\Classic-Outlook-Followup-Organizer-2.0-Pilot\engine\outlook_worker.py", line 171, in run
    if self.app is None:self.connect()
                        ~~~~~~~~~~~~^^
  File "D:\PRADIP.KAMU\Downloads\Classic-Outlook-Followup-Organizer-2.0-Pilot\Classic-Outlook-Followup-Organizer-2.0-Pilot\engine\outlook_worker.py", line 47, in connect
    active=win32com.client.GetActiveObject('Outlook.Application')
  File "D:\PRADIP.KAMU\Downloads\Classic-Outlook-Followup-Organizer-2.0-Pilot\Classic-Outlook-Followup-Organizer-2.0-Pilot\.venv\Lib\site-packages\win32com\client\__init__.py", line 94, in GetActiveObject
    dispatch = pythoncom.GetActiveObject(resultCLSID)
pywintypes.com_error: (-2147221021, 'Operation unavailable', None, None)

2026-09-13T09:40:00+00:00
Traceback (most recent call last):
  File "D:\PRADIP.KAMU\Downloads\Classic-Outlook-Followup-Organizer-2.0-Pilot\Classic-Outlook-Followup-Organizer-2.0-Pilot\engine\outlook_worker.py", line 171, in run
    if self.app is None:self.connect()
                        ~~~~~~~~~~~~^^
  File "D:\PRADIP.KAMU\Downloads\Classic-Outlook-Followup-Organizer-2.0-Pilot\Classic-Outlook-Followup-Organizer-2.0-Pilot\engine\outlook_worker.py", line 47, in connect
    active=win32com.client.GetActiveObject('Outlook.Application')
  File "D:\PRADIP.KAMU\Downloads\Classic-Outlook-Followup-Organizer-2.0-Pilot\Classic-Outlook-Followup-Organizer-2.0-Pilot\.venv\Lib\site-packages\win32com\client\__init__.py", line 94, in GetActiveObject
    dispatch = pythoncom.GetActiveObject(resultCLSID)
pywintypes.com_error: (-2147221021, 'Operation unavailable', None, None)

2026-09-13T09:40:25+00:00
Traceback (most recent call last):
  File "D:\PRADIP.KAMU\Downloads\Classic-Outlook-Followup-Organizer-2.0-Pilot\Classic-Outlook-Followup-Organizer-2.0-Pilot\engine\outlook_worker.py", line 171, in run
    if self.app is None:self.connect()
                        ~~~~~~~~~~~~^^
  File "D:\PRADIP.KAMU\Downloads\Classic-Outlook-Followup-Organizer-2.0-Pilot\Classic-Outlook-Followup-Organizer-2.0-Pilot\engine\outlook_worker.py", line 47, in connect
    active=win32com.client.GetActiveObject('Outlook.Application')
  File "D:\PRADIP.KAMU\Downloads\Classic-Outlook-Followup-Organizer-2.0-Pilot\Classic-Outlook-Followup-Organizer-2.0-Pilot\.venv\Lib\site-packages\win32com\client\__init__.py", line 94, in GetActiveObject
    dispatch = pythoncom.GetActiveObject(resultCLSID)
pywintypes.com_error: (-2147221021, 'Operation unavailable', None, None)

2026-09-13T09:40:55+00:00
Traceback (most recent call last):
  File "D:\PRADIP.KAMU\Downloads\Classic-Outlook-Followup-Organizer-2.0-Pilot\Classic-Outlook-Followup-Organizer-2.0-Pilot\engine\outlook_worker.py", line 171, in run
    if self.app is None:self.connect()
                        ~~~~~~~~~~~~^^
  File "D:\PRADIP.KAMU\Downloads\Classic-Outlook-Followup-Organizer-2.0-Pilot\Classic-Outlook-Followup-Organizer-2.0-Pilot\engine\outlook_worker.py", line 47, in connect
    active=win32com.client.GetActiveObject('Outlook.Application')
  File "D:\PRADIP.KAMU\Downloads\Classic-Outlook-Followup-Organizer-2.0-Pilot\Classic-Outlook-Followup-Organizer-2.0-Pilot\.venv\Lib\site-packages\win32com\client\__init__.py", line 94, in GetActiveObject
    dispatch = pythoncom.GetActiveObject(resultCLSID)
pywintypes.com_error: (-2147221021, 'Operation unavailable', None, None)

2026-09-13T09:41:25+00:00
Traceback (most recent call last):
  File "D:\PRADIP.KAMU\Downloads\Classic-Outlook-Followup-Organizer-2.0-Pilot\Classic-Outlook-Followup-Organizer-2.0-Pilot\engine\outlook_worker.py", line 171, in run
    if self.app is None:self.connect()
                        ~~~~~~~~~~~~^^
  File "D:\PRADIP.KAMU\Downloads\Classic-Outlook-Followup-Organizer-2.0-Pilot\Classic-Outlook-Followup-Organizer-2.0-Pilot\engine\outlook_worker.py", line 47, in connect
    active=win32com.client.GetActiveObject('Outlook.Application')
  File "D:\PRADIP.KAMU\Downloads\Classic-Outlook-Followup-Organizer-2.0-Pilot\Classic-Outlook-Followup-Organizer-2.0-Pilot\.venv\Lib\site-packages\win32com\client\__init__.py", line 94, in GetActiveObject
    dispatch = pythoncom.GetActiveObject(resultCLSID)
pywintypes.com_error: (-2147221021, 'Operation unavailable', None, None)

2026-09-13T09:41:55+00:00
Traceback (most recent call last):
  File "D:\PRADIP.KAMU\Downloads\Classic-Outlook-Followup-Organizer-2.0-Pilot\Classic-Outlook-Followup-Organizer-2.0-Pilot\engine\outlook_worker.py", line 171, in run
    if self.app is None:self.connect()
                        ~~~~~~~~~~~~^^
  File "D:\PRADIP.KAMU\Downloads\Classic-Outlook-Followup-Organizer-2.0-Pilot\Classic-Outlook-Followup-Organizer-2.0-Pilot\engine\outlook_worker.py", line 47, in connect
    active=win32com.client.GetActiveObject('Outlook.Application')
  File "D:\PRADIP.KAMU\Downloads\Classic-Outlook-Followup-Organizer-2.0-Pilot\Classic-Outlook-Followup-Organizer-2.0-Pilot\.venv\Lib\site-packages\win32com\client\__init__.py", line 94, in GetActiveObject
    dispatch = pythoncom.GetActiveObject(resultCLSID)
pywintypes.com_error: (-2147221021, 'Operation unavailable', None, None)

2026-09-13T09:42:25+00:00
Traceback (most recent call last):
  File "D:\PRADIP.KAMU\Downloads\Classic-Outlook-Followup-Organizer-2.0-Pilot\Classic-Outlook-Followup-Organizer-2.0-Pilot\engine\outlook_worker.py", line 171, in run
    if self.app is None:self.connect()
                        ~~~~~~~~~~~~^^
  File "D:\PRADIP.KAMU\Downloads\Classic-Outlook-Followup-Organizer-2.0-Pilot\Classic-Outlook-Followup-Organizer-2.0-Pilot\engine\outlook_worker.py", line 47, in connect
    active=win32com.client.GetActiveObject('Outlook.Application')
  File "D:\PRADIP.KAMU\Downloads\Classic-Outlook-Followup-Organizer-2.0-Pilot\Classic-Outlook-Followup-Organizer-2.0-Pilot\.venv\Lib\site-packages\win32com\client\__init__.py", line 94, in GetActiveObject
    dispatch = pythoncom.GetActiveObject(resultCLSID)
pywintypes.com_error: (-2147221021, 'Operation unavailable', None, None)

2026-09-13T09:42:55+00:00
Traceback (most recent call last):
  File "D:\PRADIP.KAMU\Downloads\Classic-Outlook-Followup-Organizer-2.0-Pilot\Classic-Outlook-Followup-Organizer-2.0-Pilot\engine\outlook_worker.py", line 171, in run
    if self.app is None:self.connect()
                        ~~~~~~~~~~~~^^
  File "D:\PRADIP.KAMU\Downloads\Classic-Outlook-Followup-Organizer-2.0-Pilot\Classic-Outlook-Followup-Organizer-2.0-Pilot\engine\outlook_worker.py", line 47, in connect
    active=win32com.client.GetActiveObject('Outlook.Application')
  File "D:\PRADIP.KAMU\Downloads\Classic-Outlook-Followup-Organizer-2.0-Pilot\Classic-Outlook-Followup-Organizer-2.0-Pilot\.venv\Lib\site-packages\win32com\client\__init__.py", line 94, in GetActiveObject
    dispatch = pythoncom.GetActiveObject(resultCLSID)
pywintypes.com_error: (-2147221021, 'Operation unavailable', None, None)

2026-09-13T09:43:25+00:00
Traceback (most recent call last):
  File "D:\PRADIP.KAMU\Downloads\Classic-Outlook-Followup-Organizer-2.0-Pilot\Classic-Outlook-Followup-Organizer-2.0-Pilot\engine\outlook_worker.py", line 171, in run
    if self.app is None:self.connect()
                        ~~~~~~~~~~~~^^
  File "D:\PRADIP.KAMU\Downloads\Classic-Outlook-Followup-Organizer-2.0-Pilot\Classic-Outlook-Followup-Organizer-2.0-Pilot\engine\outlook_worker.py", line 47, in connect
    active=win32com.client.GetActiveObject('Outlook.Application')
  File "D:\PRADIP.KAMU\Downloads\Classic-Outlook-Followup-Organizer-2.0-Pilot\Classic-Outlook-Followup-Organizer-2.0-Pilot\.venv\Lib\site-packages\win32com\client\__init__.py", line 94, in GetActiveObject
    dispatch = pythoncom.GetActiveObject(resultCLSID)
pywintypes.com_error: (-2147221021, 'Operation unavailable', None, None)

2026-09-13T09:43:55+00:00
Traceback (most recent call last):
  File "D:\PRADIP.KAMU\Downloads\Classic-Outlook-Followup-Organizer-2.0-Pilot\Classic-Outlook-Followup-Organizer-2.0-Pilot\engine\outlook_worker.py", line 171, in run
    if self.app is None:self.connect()
                        ~~~~~~~~~~~~^^
  File "D:\PRADIP.KAMU\Downloads\Classic-Outlook-Followup-Organizer-2.0-Pilot\Classic-Outlook-Followup-Organizer-2.0-Pilot\engine\outlook_worker.py", line 47, in connect
    active=win32com.client.GetActiveObject('Outlook.Application')
  File "D:\PRADIP.KAMU\Downloads\Classic-Outlook-Followup-Organizer-2.0-Pilot\Classic-Outlook-Followup-Organizer-2.0-Pilot\.venv\Lib\site-packages\win32com\client\__init__.py", line 94, in GetActiveObject
    dispatch = pythoncom.GetActiveObject(resultCLSID)
pywintypes.com_error: (-2147221021, 'Operation unavailable', None, None)

2026-09-13T09:44:25+00:00
Traceback (most recent call last):
  File "D:\PRADIP.KAMU\Downloads\Classic-Outlook-Followup-Organizer-2.0-Pilot\Classic-Outlook-Followup-Organizer-2.0-Pilot\engine\outlook_worker.py", line 171, in run
    if self.app is None:self.connect()
                        ~~~~~~~~~~~~^^
  File "D:\PRADIP.KAMU\Downloads\Classic-Outlook-Followup-Organizer-2.0-Pilot\Classic-Outlook-Followup-Organizer-2.0-Pilot\engine\outlook_worker.py", line 47, in connect
    active=win32com.client.GetActiveObject('Outlook.Application')
  File "D:\PRADIP.KAMU\Downloads\Classic-Outlook-Followup-Organizer-2.0-Pilot\Classic-Outlook-Followup-Organizer-2.0-Pilot\.venv\Lib\site-packages\win32com\client\__init__.py", line 94, in GetActiveObject
    dispatch = pythoncom.GetActiveObject(resultCLSID)
pywintypes.com_error: (-2147221021, 'Operation unavailable', None, None)

2026-09-13T09:44:55+00:00
Traceback (most recent call last):
  File "D:\PRADIP.KAMU\Downloads\Classic-Outlook-Followup-Organizer-2.0-Pilot\Classic-Outlook-Followup-Organizer-2.0-Pilot\engine\outlook_worker.py", line 171, in run
    if self.app is None:self.connect()
                        ~~~~~~~~~~~~^^
  File "D:\PRADIP.KAMU\Downloads\Classic-Outlook-Followup-Organizer-2.0-Pilot\Classic-Outlook-Followup-Organizer-2.0-Pilot\engine\outlook_worker.py", line 47, in connect
    active=win32com.client.GetActiveObject('Outlook.Application')
  File "D:\PRADIP.KAMU\Downloads\Classic-Outlook-Followup-Organizer-2.0-Pilot\Classic-Outlook-Followup-Organizer-2.0-Pilot\.venv\Lib\site-packages\win32com\client\__init__.py", line 94, in GetActiveObject
    dispatch = pythoncom.GetActiveObject(resultCLSID)
pywintypes.com_error: (-2147221021, 'Operation unavailable', None, None)

2026-09-13T09:45:25+00:00
Traceback (most recent call last):
  File "D:\PRADIP.KAMU\Downloads\Classic-Outlook-Followup-Organizer-2.0-Pilot\Classic-Outlook-Followup-Organizer-2.0-Pilot\engine\outlook_worker.py", line 171, in run
    if self.app is None:self.connect()
                        ~~~~~~~~~~~~^^
  File "D:\PRADIP.KAMU\Downloads\Classic-Outlook-Followup-Organizer-2.0-Pilot\Classic-Outlook-Followup-Organizer-2.0-Pilot\engine\outlook_worker.py", line 47, in connect
    active=win32com.client.GetActiveObject('Outlook.Application')
  File "D:\PRADIP.KAMU\Downloads\Classic-Outlook-Followup-Organizer-2.0-Pilot\Classic-Outlook-Followup-Organizer-2.0-Pilot\.venv\Lib\site-packages\win32com\client\__init__.py", line 94, in GetActiveObject
    dispatch = pythoncom.GetActiveObject(resultCLSID)
pywintypes.com_error: (-2147221021, 'Operation unavailable', None, None)

2026-09-13T09:45:55+00:00
Traceback (most recent call last):
  File "D:\PRADIP.KAMU\Downloads\Classic-Outlook-Followup-Organizer-2.0-Pilot\Classic-Outlook-Followup-Organizer-2.0-Pilot\engine\outlook_worker.py", line 171, in run
    if self.app is None:self.connect()
                        ~~~~~~~~~~~~^^
  File "D:\PRADIP.KAMU\Downloads\Classic-Outlook-Followup-Organizer-2.0-Pilot\Classic-Outlook-Followup-Organizer-2.0-Pilot\engine\outlook_worker.py", line 47, in connect
    active=win32com.client.GetActiveObject('Outlook.Application')
  File "D:\PRADIP.KAMU\Downloads\Classic-Outlook-Followup-Organizer-2.0-Pilot\Classic-Outlook-Followup-Organizer-2.0-Pilot\.venv\Lib\site-packages\win32com\client\__init__.py", line 94, in GetActiveObject
    dispatch = pythoncom.GetActiveObject(resultCLSID)
pywintypes.com_error: (-2147221021, 'Operation unavailable', None, None)

2026-09-13T09:46:25+00:00
Traceback (most recent call last):
  File "D:\PRADIP.KAMU\Downloads\Classic-Outlook-Followup-Organizer-2.0-Pilot\Classic-Outlook-Followup-Organizer-2.0-Pilot\engine\outlook_worker.py", line 171, in run
    if self.app is None:self.connect()
                        ~~~~~~~~~~~~^^
  File "D:\PRADIP.KAMU\Downloads\Classic-Outlook-Followup-Organizer-2.0-Pilot\Classic-Outlook-Followup-Organizer-2.0-Pilot\engine\outlook_worker.py", line 47, in connect
    active=win32com.client.GetActiveObject('Outlook.Application')
  File "D:\PRADIP.KAMU\Downloads\Classic-Outlook-Followup-Organizer-2.0-Pilot\Classic-Outlook-Followup-Organizer-2.0-Pilot\.venv\Lib\site-packages\win32com\client\__init__.py", line 94, in GetActiveObject
    dispatch = pythoncom.GetActiveObject(resultCLSID)
pywintypes.com_error: (-2147221021, 'Operation unavailable', None, None)

2026-09-13T09:46:55+00:00
Traceback (most recent call last):
  File "D:\PRADIP.KAMU\Downloads\Classic-Outlook-Followup-Organizer-2.0-Pilot\Classic-Outlook-Followup-Organizer-2.0-Pilot\engine\outlook_worker.py", line 171, in run
    if self.app is None:self.connect()
                        ~~~~~~~~~~~~^^
  File "D:\PRADIP.KAMU\Downloads\Classic-Outlook-Followup-Organizer-2.0-Pilot\Classic-Outlook-Followup-Organizer-2.0-Pilot\engine\outlook_worker.py", line 47, in connect
    active=win32com.client.GetActiveObject('Outlook.Application')
  File "D:\PRADIP.KAMU\Downloads\Classic-Outlook-Followup-Organizer-2.0-Pilot\Classic-Outlook-Followup-Organizer-2.0-Pilot\.venv\Lib\site-packages\win32com\client\__init__.py", line 94, in GetActiveObject
    dispatch = pythoncom.GetActiveObject(resultCLSID)
pywintypes.com_error: (-2147221021, 'Operation unavailable', None, None)

2026-09-13T09:47:25+00:00
Traceback (most recent call last):
  File "D:\PRADIP.KAMU\Downloads\Classic-Outlook-Followup-Organizer-2.0-Pilot\Classic-Outlook-Followup-Organizer-2.0-Pilot\engine\outlook_worker.py", line 171, in run
    if self.app is None:self.connect()
                        ~~~~~~~~~~~~^^
  File "D:\PRADIP.KAMU\Downloads\Classic-Outlook-Followup-Organizer-2.0-Pilot\Classic-Outlook-Followup-Organizer-2.0-Pilot\engine\outlook_worker.py", line 47, in connect
    active=win32com.client.GetActiveObject('Outlook.Application')
  File "D:\PRADIP.KAMU\Downloads\Classic-Outlook-Followup-Organizer-2.0-Pilot\Classic-Outlook-Followup-Organizer-2.0-Pilot\.venv\Lib\site-packages\win32com\client\__init__.py", line 94, in GetActiveObject
    dispatch = pythoncom.GetActiveObject(resultCLSID)
pywintypes.com_error: (-2147221021, 'Operation unavailable', None, None)

2026-09-13T09:47:55+00:00
Traceback (most recent call last):
  File "D:\PRADIP.KAMU\Downloads\Classic-Outlook-Followup-Organizer-2.0-Pilot\Classic-Outlook-Followup-Organizer-2.0-Pilot\engine\outlook_worker.py", line 171, in run
    if self.app is None:self.connect()
                        ~~~~~~~~~~~~^^
  File "D:\PRADIP.KAMU\Downloads\Classic-Outlook-Followup-Organizer-2.0-Pilot\Classic-Outlook-Followup-Organizer-2.0-Pilot\engine\outlook_worker.py", line 47, in connect
    active=win32com.client.GetActiveObject('Outlook.Application')
  File "D:\PRADIP.KAMU\Downloads\Classic-Outlook-Followup-Organizer-2.0-Pilot\Classic-Outlook-Followup-Organizer-2.0-Pilot\.venv\Lib\site-packages\win32com\client\__init__.py", line 94, in GetActiveObject
    dispatch = pythoncom.GetActiveObject(resultCLSID)
pywintypes.com_error: (-2147221021, 'Operation unavailable', None, None)

2026-09-13T09:48:25+00:00
Traceback (most recent call last):
  File "D:\PRADIP.KAMU\Downloads\Classic-Outlook-Followup-Organizer-2.0-Pilot\Classic-Outlook-Followup-Organizer-2.0-Pilot\engine\outlook_worker.py", line 171, in run
    if self.app is None:self.connect()
                        ~~~~~~~~~~~~^^
  File "D:\PRADIP.KAMU\Downloads\Classic-Outlook-Followup-Organizer-2.0-Pilot\Classic-Outlook-Followup-Organizer-2.0-Pilot\engine\outlook_worker.py", line 47, in connect
    active=win32com.client.GetActiveObject('Outlook.Application')
  File "D:\PRADIP.KAMU\Downloads\Classic-Outlook-Followup-Organizer-2.0-Pilot\Classic-Outlook-Followup-Organizer-2.0-Pilot\.venv\Lib\site-packages\win32com\client\__init__.py", line 94, in GetActiveObject
    dispatch = pythoncom.GetActiveObject(resultCLSID)
pywintypes.com_error: (-2147221021, 'Operation unavailable', None, None)

2026-09-13T09:48:55+00:00
Traceback (most recent call last):
  File "D:\PRADIP.KAMU\Downloads\Classic-Outlook-Followup-Organizer-2.0-Pilot\Classic-Outlook-Followup-Organizer-2.0-Pilot\engine\outlook_worker.py", line 171, in run
    if self.app is None:self.connect()
                        ~~~~~~~~~~~~^^
  File "D:\PRADIP.KAMU\Downloads\Classic-Outlook-Followup-Organizer-2.0-Pilot\Classic-Outlook-Followup-Organizer-2.0-Pilot\engine\outlook_worker.py", line 47, in connect
    active=win32com.client.GetActiveObject('Outlook.Application')
  File "D:\PRADIP.KAMU\Downloads\Classic-Outlook-Followup-Organizer-2.0-Pilot\Classic-Outlook-Followup-Organizer-2.0-Pilot\.venv\Lib\site-packages\win32com\client\__init__.py", line 94, in GetActiveObject
    dispatch = pythoncom.GetActiveObject(resultCLSID)
pywintypes.com_error: (-2147221021, 'Operation unavailable', None, None)

2026-09-13T09:49:25+00:00
Traceback (most recent call last):
  File "D:\PRADIP.KAMU\Downloads\Classic-Outlook-Followup-Organizer-2.0-Pilot\Classic-Outlook-Followup-Organizer-2.0-Pilot\engine\outlook_worker.py", line 171, in run
    if self.app is None:self.connect()
                        ~~~~~~~~~~~~^^
  File "D:\PRADIP.KAMU\Downloads\Classic-Outlook-Followup-Organizer-2.0-Pilot\Classic-Outlook-Followup-Organizer-2.0-Pilot\engine\outlook_worker.py", line 47, in connect
    active=win32com.client.GetActiveObject('Outlook.Application')
  File "D:\PRADIP.KAMU\Downloads\Classic-Outlook-Followup-Organizer-2.0-Pilot\Classic-Outlook-Followup-Organizer-2.0-Pilot\.venv\Lib\site-packages\win32com\client\__init__.py", line 94, in GetActiveObject
    dispatch = pythoncom.GetActiveObject(resultCLSID)
pywintypes.com_error: (-2147221021, 'Operation unavailable', None, None)

2026-09-13T09:49:55+00:00
Traceback (most recent call last):
  File "D:\PRADIP.KAMU\Downloads\Classic-Outlook-Followup-Organizer-2.0-Pilot\Classic-Outlook-Followup-Organizer-2.0-Pilot\engine\outlook_worker.py", line 171, in run
    if self.app is None:self.connect()
                        ~~~~~~~~~~~~^^
  File "D:\PRADIP.KAMU\Downloads\Classic-Outlook-Followup-Organizer-2.0-Pilot\Classic-Outlook-Followup-Organizer-2.0-Pilot\engine\outlook_worker.py", line 47, in connect
    active=win32com.client.GetActiveObject('Outlook.Application')
  File "D:\PRADIP.KAMU\Downloads\Classic-Outlook-Followup-Organizer-2.0-Pilot\Classic-Outlook-Followup-Organizer-2.0-Pilot\.venv\Lib\site-packages\win32com\client\__init__.py", line 94, in GetActiveObject
    dispatch = pythoncom.GetActiveObject(resultCLSID)
pywintypes.com_error: (-2147221021, 'Operation unavailable', None, None)

2026-09-13T09:50:25+00:00
Traceback (most recent call last):
  File "D:\PRADIP.KAMU\Downloads\Classic-Outlook-Followup-Organizer-2.0-Pilot\Classic-Outlook-Followup-Organizer-2.0-Pilot\engine\outlook_worker.py", line 171, in run
    if self.app is None:self.connect()
                        ~~~~~~~~~~~~^^
  File "D:\PRADIP.KAMU\Downloads\Classic-Outlook-Followup-Organizer-2.0-Pilot\Classic-Outlook-Followup-Organizer-2.0-Pilot\engine\outlook_worker.py", line 47, in connect
    active=win32com.client.GetActiveObject('Outlook.Application')
  File "D:\PRADIP.KAMU\Downloads\Classic-Outlook-Followup-Organizer-2.0-Pilot\Classic-Outlook-Followup-Organizer-2.0-Pilot\.venv\Lib\site-packages\win32com\client\__init__.py", line 94, in GetActiveObject
    dispatch = pythoncom.GetActiveObject(resultCLSID)
pywintypes.com_error: (-2147221021, 'Operation unavailable', None, None)

2026-09-13T09:50:55+00:00
Traceback (most recent call last):
  File "D:\PRADIP.KAMU\Downloads\Classic-Outlook-Followup-Organizer-2.0-Pilot\Classic-Outlook-Followup-Organizer-2.0-Pilot\engine\outlook_worker.py", line 171, in run
    if self.app is None:self.connect()
                        ~~~~~~~~~~~~^^
  File "D:\PRADIP.KAMU\Downloads\Classic-Outlook-Followup-Organizer-2.0-Pilot\Classic-Outlook-Followup-Organizer-2.0-Pilot\engine\outlook_worker.py", line 47, in connect
    active=win32com.client.GetActiveObject('Outlook.Application')
  File "D:\PRADIP.KAMU\Downloads\Classic-Outlook-Followup-Organizer-2.0-Pilot\Classic-Outlook-Followup-Organizer-2.0-Pilot\.venv\Lib\site-packages\win32com\client\__init__.py", line 94, in GetActiveObject
    dispatch = pythoncom.GetActiveObject(resultCLSID)
pywintypes.com_error: (-2147221021, 'Operation unavailable', None, None)

2026-09-13T09:51:25+00:00
Traceback (most recent call last):
  File "D:\PRADIP.KAMU\Downloads\Classic-Outlook-Followup-Organizer-2.0-Pilot\Classic-Outlook-Followup-Organizer-2.0-Pilot\engine\outlook_worker.py", line 171, in run
    if self.app is None:self.connect()
                        ~~~~~~~~~~~~^^
  File "D:\PRADIP.KAMU\Downloads\Classic-Outlook-Followup-Organizer-2.0-Pilot\Classic-Outlook-Followup-Organizer-2.0-Pilot\engine\outlook_worker.py", line 47, in connect
    active=win32com.client.GetActiveObject('Outlook.Application')
  File "D:\PRADIP.KAMU\Downloads\Classic-Outlook-Followup-Organizer-2.0-Pilot\Classic-Outlook-Followup-Organizer-2.0-Pilot\.venv\Lib\site-packages\win32com\client\__init__.py", line 94, in GetActiveObject
    dispatch = pythoncom.GetActiveObject(resultCLSID)
pywintypes.com_error: (-2147221021, 'Operation unavailable', None, None)

2026-09-13T09:51:55+00:00
Traceback (most recent call last):
  File "D:\PRADIP.KAMU\Downloads\Classic-Outlook-Followup-Organizer-2.0-Pilot\Classic-Outlook-Followup-Organizer-2.0-Pilot\engine\outlook_worker.py", line 171, in run
    if self.app is None:self.connect()
                        ~~~~~~~~~~~~^^
  File "D:\PRADIP.KAMU\Downloads\Classic-Outlook-Followup-Organizer-2.0-Pilot\Classic-Outlook-Followup-Organizer-2.0-Pilot\engine\outlook_worker.py", line 47, in connect
    active=win32com.client.GetActiveObject('Outlook.Application')
  File "D:\PRADIP.KAMU\Downloads\Classic-Outlook-Followup-Organizer-2.0-Pilot\Classic-Outlook-Followup-Organizer-2.0-Pilot\.venv\Lib\site-packages\win32com\client\__init__.py", line 94, in GetActiveObject
    dispatch = pythoncom.GetActiveObject(resultCLSID)
pywintypes.com_error: (-2147221021, 'Operation unavailable', None, None)

2026-09-13T09:52:25+00:00
Traceback (most recent call last):
  File "D:\PRADIP.KAMU\Downloads\Classic-Outlook-Followup-Organizer-2.0-Pilot\Classic-Outlook-Followup-Organizer-2.0-Pilot\engine\outlook_worker.py", line 171, in run
    if self.app is None:self.connect()
                        ~~~~~~~~~~~~^^
  File "D:\PRADIP.KAMU\Downloads\Classic-Outlook-Followup-Organizer-2.0-Pilot\Classic-Outlook-Followup-Organizer-2.0-Pilot\engine\outlook_worker.py", line 47, in connect
    active=win32com.client.GetActiveObject('Outlook.Application')
  File "D:\PRADIP.KAMU\Downloads\Classic-Outlook-Followup-Organizer-2.0-Pilot\Classic-Outlook-Followup-Organizer-2.0-Pilot\.venv\Lib\site-packages\win32com\client\__init__.py", line 94, in GetActiveObject
    dispatch = pythoncom.GetActiveObject(resultCLSID)
pywintypes.com_error: (-2147221021, 'Operation unavailable', None, None)

2026-09-13T09:52:55+00:00
Traceback (most recent call last):
  File "D:\PRADIP.KAMU\Downloads\Classic-Outlook-Followup-Organizer-2.0-Pilot\Classic-Outlook-Followup-Organizer-2.0-Pilot\engine\outlook_worker.py", line 171, in run
    if self.app is None:self.connect()
                        ~~~~~~~~~~~~^^
  File "D:\PRADIP.KAMU\Downloads\Classic-Outlook-Followup-Organizer-2.0-Pilot\Classic-Outlook-Followup-Organizer-2.0-Pilot\engine\outlook_worker.py", line 47, in connect
    active=win32com.client.GetActiveObject('Outlook.Application')
  File "D:\PRADIP.KAMU\Downloads\Classic-Outlook-Followup-Organizer-2.0-Pilot\Classic-Outlook-Followup-Organizer-2.0-Pilot\.venv\Lib\site-packages\win32com\client\__init__.py", line 94, in GetActiveObject
    dispatch = pythoncom.GetActiveObject(resultCLSID)
pywintypes.com_error: (-2147221021, 'Operation unavailable', None, None)

2026-09-13T09:53:25+00:00
Traceback (most recent call last):
  File "D:\PRADIP.KAMU\Downloads\Classic-Outlook-Followup-Organizer-2.0-Pilot\Classic-Outlook-Followup-Organizer-2.0-Pilot\engine\outlook_worker.py", line 171, in run
    if self.app is None:self.connect()
                        ~~~~~~~~~~~~^^
  File "D:\PRADIP.KAMU\Downloads\Classic-Outlook-Followup-Organizer-2.0-Pilot\Classic-Outlook-Followup-Organizer-2.0-Pilot\engine\outlook_worker.py", line 47, in connect
    active=win32com.client.GetActiveObject('Outlook.Application')
  File "D:\PRADIP.KAMU\Downloads\Classic-Outlook-Followup-Organizer-2.0-Pilot\Classic-Outlook-Followup-Organizer-2.0-Pilot\.venv\Lib\site-packages\win32com\client\__init__.py", line 94, in GetActiveObject
    dispatch = pythoncom.GetActiveObject(resultCLSID)
pywintypes.com_error: (-2147221021, 'Operation unavailable', None, None)

2026-09-13T09:53:55+00:00
Traceback (most recent call last):
  File "D:\PRADIP.KAMU\Downloads\Classic-Outlook-Followup-Organizer-2.0-Pilot\Classic-Outlook-Followup-Organizer-2.0-Pilot\engine\outlook_worker.py", line 171, in run
    if self.app is None:self.connect()
                        ~~~~~~~~~~~~^^
  File "D:\PRADIP.KAMU\Downloads\Classic-Outlook-Followup-Organizer-2.0-Pilot\Classic-Outlook-Followup-Organizer-2.0-Pilot\engine\outlook_worker.py", line 47, in connect
    active=win32com.client.GetActiveObject('Outlook.Application')
  File "D:\PRADIP.KAMU\Downloads\Classic-Outlook-Followup-Organizer-2.0-Pilot\Classic-Outlook-Followup-Organizer-2.0-Pilot\.venv\Lib\site-packages\win32com\client\__init__.py", line 94, in GetActiveObject
    dispatch = pythoncom.GetActiveObject(resultCLSID)
pywintypes.com_error: (-2147221021, 'Operation unavailable', None, None)

2026-09-13T10:06:51+00:00
Traceback (most recent call last):
  File "D:\PRADIP.KAMU\Downloads\Classic-Outlook-Followup-Organizer-2.0-Pilot\Classic-Outlook-Followup-Organizer-2.0-Pilot\engine\outlook_worker.py", line 171, in run
    if self.app is None:self.connect()
                        ~~~~~~~~~~~~^^
  File "D:\PRADIP.KAMU\Downloads\Classic-Outlook-Followup-Organizer-2.0-Pilot\Classic-Outlook-Followup-Organizer-2.0-Pilot\engine\outlook_worker.py", line 47, in connect
    active=win32com.client.GetActiveObject('Outlook.Application')
  File "D:\PRADIP.KAMU\Downloads\Classic-Outlook-Followup-Organizer-2.0-Pilot\Classic-Outlook-Followup-Organizer-2.0-Pilot\.venv\Lib\site-packages\win32com\client\__init__.py", line 94, in GetActiveObject
    dispatch = pythoncom.GetActiveObject(resultCLSID)
pywintypes.com_error: (-2147221021, 'Operation unavailable', None, None)

2026-09-13T10:07:21+00:00
Traceback (most recent call last):
  File "D:\PRADIP.KAMU\Downloads\Classic-Outlook-Followup-Organizer-2.0-Pilot\Classic-Outlook-Followup-Organizer-2.0-Pilot\engine\outlook_worker.py", line 171, in run
    if self.app is None:self.connect()
                        ~~~~~~~~~~~~^^
  File "D:\PRADIP.KAMU\Downloads\Classic-Outlook-Followup-Organizer-2.0-Pilot\Classic-Outlook-Followup-Organizer-2.0-Pilot\engine\outlook_worker.py", line 47, in connect
    active=win32com.client.GetActiveObject('Outlook.Application')
  File "D:\PRADIP.KAMU\Downloads\Classic-Outlook-Followup-Organizer-2.0-Pilot\Classic-Outlook-Followup-Organizer-2.0-Pilot\.venv\Lib\site-packages\win32com\client\__init__.py", line 94, in GetActiveObject
    dispatch = pythoncom.GetActiveObject(resultCLSID)
pywintypes.com_error: (-2147221021, 'Operation unavailable', None, None)

2026-09-13T10:07:51+00:00
Traceback (most recent call last):
  File "D:\PRADIP.KAMU\Downloads\Classic-Outlook-Followup-Organizer-2.0-Pilot\Classic-Outlook-Followup-Organizer-2.0-Pilot\engine\outlook_worker.py", line 171, in run
    if self.app is None:self.connect()
                        ~~~~~~~~~~~~^^
  File "D:\PRADIP.KAMU\Downloads\Classic-Outlook-Followup-Organizer-2.0-Pilot\Classic-Outlook-Followup-Organizer-2.0-Pilot\engine\outlook_worker.py", line 47, in connect
    active=win32com.client.GetActiveObject('Outlook.Application')
  File "D:\PRADIP.KAMU\Downloads\Classic-Outlook-Followup-Organizer-2.0-Pilot\Classic-Outlook-Followup-Organizer-2.0-Pilot\.venv\Lib\site-packages\win32com\client\__init__.py", line 94, in GetActiveObject
    dispatch = pythoncom.GetActiveObject(resultCLSID)
pywintypes.com_error: (-2147221021, 'Operation unavailable', None, None)

2026-09-13T10:08:21+00:00
Traceback (most recent call last):
  File "D:\PRADIP.KAMU\Downloads\Classic-Outlook-Followup-Organizer-2.0-Pilot\Classic-Outlook-Followup-Organizer-2.0-Pilot\engine\outlook_worker.py", line 171, in run
    if self.app is None:self.connect()
                        ~~~~~~~~~~~~^^
  File "D:\PRADIP.KAMU\Downloads\Classic-Outlook-Followup-Organizer-2.0-Pilot\Classic-Outlook-Followup-Organizer-2.0-Pilot\engine\outlook_worker.py", line 47, in connect
    active=win32com.client.GetActiveObject('Outlook.Application')
  File "D:\PRADIP.KAMU\Downloads\Classic-Outlook-Followup-Organizer-2.0-Pilot\Classic-Outlook-Followup-Organizer-2.0-Pilot\.venv\Lib\site-packages\win32com\client\__init__.py", line 94, in GetActiveObject
    dispatch = pythoncom.GetActiveObject(resultCLSID)
pywintypes.com_error: (-2147221021, 'Operation unavailable', None, None)

2026-09-13T10:08:51+00:00
Traceback (most recent call last):
  File "D:\PRADIP.KAMU\Downloads\Classic-Outlook-Followup-Organizer-2.0-Pilot\Classic-Outlook-Followup-Organizer-2.0-Pilot\engine\outlook_worker.py", line 171, in run
    if self.app is None:self.connect()
                        ~~~~~~~~~~~~^^
  File "D:\PRADIP.KAMU\Downloads\Classic-Outlook-Followup-Organizer-2.0-Pilot\Classic-Outlook-Followup-Organizer-2.0-Pilot\engine\outlook_worker.py", line 47, in connect
    active=win32com.client.GetActiveObject('Outlook.Application')
  File "D:\PRADIP.KAMU\Downloads\Classic-Outlook-Followup-Organizer-2.0-Pilot\Classic-Outlook-Followup-Organizer-2.0-Pilot\.venv\Lib\site-packages\win32com\client\__init__.py", line 94, in GetActiveObject
    dispatch = pythoncom.GetActiveObject(resultCLSID)
pywintypes.com_error: (-2147221021, 'Operation unavailable', None, None)

2026-09-13T10:41:34+00:00
Traceback (most recent call last):
  File "D:\PRADIP.KAMU\Downloads\Classic-Outlook-Followup-Organizer-2.0-Pilot\Classic-Outlook-Followup-Organizer-2.0-Pilot\engine\outlook_worker.py", line 171, in run
    if self.app is None:self.connect()
                        ~~~~~~~~~~~~^^
  File "D:\PRADIP.KAMU\Downloads\Classic-Outlook-Followup-Organizer-2.0-Pilot\Classic-Outlook-Followup-Organizer-2.0-Pilot\engine\outlook_worker.py", line 47, in connect
    active=win32com.client.GetActiveObject('Outlook.Application')
  File "D:\PRADIP.KAMU\Downloads\Classic-Outlook-Followup-Organizer-2.0-Pilot\Classic-Outlook-Followup-Organizer-2.0-Pilot\.venv\Lib\site-packages\win32com\client\__init__.py", line 94, in GetActiveObject
    dispatch = pythoncom.GetActiveObject(resultCLSID)
pywintypes.com_error: (-2147221021, 'Operation unavailable', None, None)

2026-09-13T10:41:39+00:00
Traceback (most recent call last):
  File "D:\PRADIP.KAMU\Downloads\Classic-Outlook-Followup-Organizer-2.0-Pilot\Classic-Outlook-Followup-Organizer-2.0-Pilot\engine\outlook_worker.py", line 171, in run
    if self.app is None:self.connect()
                        ~~~~~~~~~~~~^^
  File "D:\PRADIP.KAMU\Downloads\Classic-Outlook-Followup-Organizer-2.0-Pilot\Classic-Outlook-Followup-Organizer-2.0-Pilot\engine\outlook_worker.py", line 47, in connect
    active=win32com.client.GetActiveObject('Outlook.Application')
  File "D:\PRADIP.KAMU\Downloads\Classic-Outlook-Followup-Organizer-2.0-Pilot\Classic-Outlook-Followup-Organizer-2.0-Pilot\.venv\Lib\site-packages\win32com\client\__init__.py", line 94, in GetActiveObject
    dispatch = pythoncom.GetActiveObject(resultCLSID)
pywintypes.com_error: (-2147221021, 'Operation unavailable', None, None)

2026-09-13T10:41:49+00:00
Traceback (most recent call last):
  File "D:\PRADIP.KAMU\Downloads\Classic-Outlook-Followup-Organizer-2.0-Pilot\Classic-Outlook-Followup-Organizer-2.0-Pilot\engine\outlook_worker.py", line 171, in run
    if self.app is None:self.connect()
                        ~~~~~~~~~~~~^^
  File "D:\PRADIP.KAMU\Downloads\Classic-Outlook-Followup-Organizer-2.0-Pilot\Classic-Outlook-Followup-Organizer-2.0-Pilot\engine\outlook_worker.py", line 47, in connect
    active=win32com.client.GetActiveObject('Outlook.Application')
  File "D:\PRADIP.KAMU\Downloads\Classic-Outlook-Followup-Organizer-2.0-Pilot\Classic-Outlook-Followup-Organizer-2.0-Pilot\.venv\Lib\site-packages\win32com\client\__init__.py", line 94, in GetActiveObject
    dispatch = pythoncom.GetActiveObject(resultCLSID)
pywintypes.com_error: (-2147221021, 'Operation unavailable', None, None)

2026-09-13T10:42:04+00:00
Traceback (most recent call last):
  File "D:\PRADIP.KAMU\Downloads\Classic-Outlook-Followup-Organizer-2.0-Pilot\Classic-Outlook-Followup-Organizer-2.0-Pilot\engine\outlook_worker.py", line 171, in run
    if self.app is None:self.connect()
                        ~~~~~~~~~~~~^^
  File "D:\PRADIP.KAMU\Downloads\Classic-Outlook-Followup-Organizer-2.0-Pilot\Classic-Outlook-Followup-Organizer-2.0-Pilot\engine\outlook_worker.py", line 47, in connect
    active=win32com.client.GetActiveObject('Outlook.Application')
  File "D:\PRADIP.KAMU\Downloads\Classic-Outlook-Followup-Organizer-2.0-Pilot\Classic-Outlook-Followup-Organizer-2.0-Pilot\.venv\Lib\site-packages\win32com\client\__init__.py", line 94, in GetActiveObject
    dispatch = pythoncom.GetActiveObject(resultCLSID)
pywintypes.com_error: (-2147221021, 'Operation unavailable', None, None)

2026-09-13T10:42:24+00:00
Traceback (most recent call last):
  File "D:\PRADIP.KAMU\Downloads\Classic-Outlook-Followup-Organizer-2.0-Pilot\Classic-Outlook-Followup-Organizer-2.0-Pilot\engine\outlook_worker.py", line 171, in run
    if self.app is None:self.connect()
                        ~~~~~~~~~~~~^^
  File "D:\PRADIP.KAMU\Downloads\Classic-Outlook-Followup-Organizer-2.0-Pilot\Classic-Outlook-Followup-Organizer-2.0-Pilot\engine\outlook_worker.py", line 47, in connect
    active=win32com.client.GetActiveObject('Outlook.Application')
  File "D:\PRADIP.KAMU\Downloads\Classic-Outlook-Followup-Organizer-2.0-Pilot\Classic-Outlook-Followup-Organizer-2.0-Pilot\.venv\Lib\site-packages\win32com\client\__init__.py", line 94, in GetActiveObject
    dispatch = pythoncom.GetActiveObject(resultCLSID)
pywintypes.com_error: (-2147221021, 'Operation unavailable', None, None)

2026-09-13T10:42:49+00:00
Traceback (most recent call last):
  File "D:\PRADIP.KAMU\Downloads\Classic-Outlook-Followup-Organizer-2.0-Pilot\Classic-Outlook-Followup-Organizer-2.0-Pilot\engine\outlook_worker.py", line 171, in run
    if self.app is None:self.connect()
                        ~~~~~~~~~~~~^^
  File "D:\PRADIP.KAMU\Downloads\Classic-Outlook-Followup-Organizer-2.0-Pilot\Classic-Outlook-Followup-Organizer-2.0-Pilot\engine\outlook_worker.py", line 47, in connect
    active=win32com.client.GetActiveObject('Outlook.Application')
  File "D:\PRADIP.KAMU\Downloads\Classic-Outlook-Followup-Organizer-2.0-Pilot\Classic-Outlook-Followup-Organizer-2.0-Pilot\.venv\Lib\site-packages\win32com\client\__init__.py", line 94, in GetActiveObject
    dispatch = pythoncom.GetActiveObject(resultCLSID)
pywintypes.com_error: (-2147221021, 'Operation unavailable', None, None)

2026-09-13T10:43:19+00:00
Traceback (most recent call last):
  File "D:\PRADIP.KAMU\Downloads\Classic-Outlook-Followup-Organizer-2.0-Pilot\Classic-Outlook-Followup-Organizer-2.0-Pilot\engine\outlook_worker.py", line 171, in run
    if self.app is None:self.connect()
                        ~~~~~~~~~~~~^^
  File "D:\PRADIP.KAMU\Downloads\Classic-Outlook-Followup-Organizer-2.0-Pilot\Classic-Outlook-Followup-Organizer-2.0-Pilot\engine\outlook_worker.py", line 47, in connect
    active=win32com.client.GetActiveObject('Outlook.Application')
  File "D:\PRADIP.KAMU\Downloads\Classic-Outlook-Followup-Organizer-2.0-Pilot\Classic-Outlook-Followup-Organizer-2.0-Pilot\.venv\Lib\site-packages\win32com\client\__init__.py", line 94, in GetActiveObject
    dispatch = pythoncom.GetActiveObject(resultCLSID)
pywintypes.com_error: (-2147221021, 'Operation unavailable', None, None)

2026-09-13T10:43:49+00:00
Traceback (most recent call last):
  File "D:\PRADIP.KAMU\Downloads\Classic-Outlook-Followup-Organizer-2.0-Pilot\Classic-Outlook-Followup-Organizer-2.0-Pilot\engine\outlook_worker.py", line 171, in run
    if self.app is None:self.connect()
                        ~~~~~~~~~~~~^^
  File "D:\PRADIP.KAMU\Downloads\Classic-Outlook-Followup-Organizer-2.0-Pilot\Classic-Outlook-Followup-Organizer-2.0-Pilot\engine\outlook_worker.py", line 47, in connect
    active=win32com.client.GetActiveObject('Outlook.Application')
  File "D:\PRADIP.KAMU\Downloads\Classic-Outlook-Followup-Organizer-2.0-Pilot\Classic-Outlook-Followup-Organizer-2.0-Pilot\.venv\Lib\site-packages\win32com\client\__init__.py", line 94, in GetActiveObject
    dispatch = pythoncom.GetActiveObject(resultCLSID)
pywintypes.com_error: (-2147221021, 'Operation unavailable', None, None)

2026-09-13T10:44:19+00:00
Traceback (most recent call last):
  File "D:\PRADIP.KAMU\Downloads\Classic-Outlook-Followup-Organizer-2.0-Pilot\Classic-Outlook-Followup-Organizer-2.0-Pilot\engine\outlook_worker.py", line 171, in run
    if self.app is None:self.connect()
                        ~~~~~~~~~~~~^^
  File "D:\PRADIP.KAMU\Downloads\Classic-Outlook-Followup-Organizer-2.0-Pilot\Classic-Outlook-Followup-Organizer-2.0-Pilot\engine\outlook_worker.py", line 47, in connect
    active=win32com.client.GetActiveObject('Outlook.Application')
  File "D:\PRADIP.KAMU\Downloads\Classic-Outlook-Followup-Organizer-2.0-Pilot\Classic-Outlook-Followup-Organizer-2.0-Pilot\.venv\Lib\site-packages\win32com\client\__init__.py", line 94, in GetActiveObject
    dispatch = pythoncom.GetActiveObject(resultCLSID)
pywintypes.com_error: (-2147221021, 'Operation unavailable', None, None)

2026-09-13T10:44:49+00:00
Traceback (most recent call last):
  File "D:\PRADIP.KAMU\Downloads\Classic-Outlook-Followup-Organizer-2.0-Pilot\Classic-Outlook-Followup-Organizer-2.0-Pilot\engine\outlook_worker.py", line 171, in run
    if self.app is None:self.connect()
                        ~~~~~~~~~~~~^^
  File "D:\PRADIP.KAMU\Downloads\Classic-Outlook-Followup-Organizer-2.0-Pilot\Classic-Outlook-Followup-Organizer-2.0-Pilot\engine\outlook_worker.py", line 47, in connect
    active=win32com.client.GetActiveObject('Outlook.Application')
  File "D:\PRADIP.KAMU\Downloads\Classic-Outlook-Followup-Organizer-2.0-Pilot\Classic-Outlook-Followup-Organizer-2.0-Pilot\.venv\Lib\site-packages\win32com\client\__init__.py", line 94, in GetActiveObject
    dispatch = pythoncom.GetActiveObject(resultCLSID)
pywintypes.com_error: (-2147221021, 'Operation unavailable', None, None)

2026-09-13T10:45:19+00:00
Traceback (most recent call last):
  File "D:\PRADIP.KAMU\Downloads\Classic-Outlook-Followup-Organizer-2.0-Pilot\Classic-Outlook-Followup-Organizer-2.0-Pilot\engine\outlook_worker.py", line 171, in run
    if self.app is None:self.connect()
                        ~~~~~~~~~~~~^^
  File "D:\PRADIP.KAMU\Downloads\Classic-Outlook-Followup-Organizer-2.0-Pilot\Classic-Outlook-Followup-Organizer-2.0-Pilot\engine\outlook_worker.py", line 47, in connect
    active=win32com.client.GetActiveObject('Outlook.Application')
  File "D:\PRADIP.KAMU\Downloads\Classic-Outlook-Followup-Organizer-2.0-Pilot\Classic-Outlook-Followup-Organizer-2.0-Pilot\.venv\Lib\site-packages\win32com\client\__init__.py", line 94, in GetActiveObject
    dispatch = pythoncom.GetActiveObject(resultCLSID)
pywintypes.com_error: (-2147221021, 'Operation unavailable', None, None)

2026-09-13T10:45:50+00:00
Traceback (most recent call last):
  File "D:\PRADIP.KAMU\Downloads\Classic-Outlook-Followup-Organizer-2.0-Pilot\Classic-Outlook-Followup-Organizer-2.0-Pilot\engine\outlook_worker.py", line 171, in run
    if self.app is None:self.connect()
                        ~~~~~~~~~~~~^^
  File "D:\PRADIP.KAMU\Downloads\Classic-Outlook-Followup-Organizer-2.0-Pilot\Classic-Outlook-Followup-Organizer-2.0-Pilot\engine\outlook_worker.py", line 47, in connect
    active=win32com.client.GetActiveObject('Outlook.Application')
  File "D:\PRADIP.KAMU\Downloads\Classic-Outlook-Followup-Organizer-2.0-Pilot\Classic-Outlook-Followup-Organizer-2.0-Pilot\.venv\Lib\site-packages\win32com\client\__init__.py", line 94, in GetActiveObject
    dispatch = pythoncom.GetActiveObject(resultCLSID)
pywintypes.com_error: (-2147221021, 'Operation unavailable', None, None)

2026-09-13T10:49:48+00:00
Traceback (most recent call last):
  File "D:\PRADIP.KAMU\Downloads\Classic-Outlook-Followup-Organizer-2.0-Pilot\Classic-Outlook-Followup-Organizer-2.0-Pilot\engine\outlook_worker.py", line 171, in run
    if self.app is None:self.connect()
                        ~~~~~~~~~~~~^^
  File "D:\PRADIP.KAMU\Downloads\Classic-Outlook-Followup-Organizer-2.0-Pilot\Classic-Outlook-Followup-Organizer-2.0-Pilot\engine\outlook_worker.py", line 47, in connect
    active=win32com.client.GetActiveObject('Outlook.Application')
  File "D:\PRADIP.KAMU\Downloads\Classic-Outlook-Followup-Organizer-2.0-Pilot\Classic-Outlook-Followup-Organizer-2.0-Pilot\.venv\Lib\site-packages\win32com\client\__init__.py", line 94, in GetActiveObject
    dispatch = pythoncom.GetActiveObject(resultCLSID)
pywintypes.com_error: (-2147221021, 'Operation unavailable', None, None)

2026-09-13T10:50:19+00:00
Traceback (most recent call last):
  File "D:\PRADIP.KAMU\Downloads\Classic-Outlook-Followup-Organizer-2.0-Pilot\Classic-Outlook-Followup-Organizer-2.0-Pilot\engine\outlook_worker.py", line 171, in run
    if self.app is None:self.connect()
                        ~~~~~~~~~~~~^^
  File "D:\PRADIP.KAMU\Downloads\Classic-Outlook-Followup-Organizer-2.0-Pilot\Classic-Outlook-Followup-Organizer-2.0-Pilot\engine\outlook_worker.py", line 47, in connect
    active=win32com.client.GetActiveObject('Outlook.Application')
  File "D:\PRADIP.KAMU\Downloads\Classic-Outlook-Followup-Organizer-2.0-Pilot\Classic-Outlook-Followup-Organizer-2.0-Pilot\.venv\Lib\site-packages\win32com\client\__init__.py", line 94, in GetActiveObject
    dispatch = pythoncom.GetActiveObject(resultCLSID)
pywintypes.com_error: (-2147221021, 'Operation unavailable', None, None)

2026-09-13T10:50:49+00:00
Traceback (most recent call last):
  File "D:\PRADIP.KAMU\Downloads\Classic-Outlook-Followup-Organizer-2.0-Pilot\Classic-Outlook-Followup-Organizer-2.0-Pilot\engine\outlook_worker.py", line 171, in run
    if self.app is None:self.connect()
                        ~~~~~~~~~~~~^^
  File "D:\PRADIP.KAMU\Downloads\Classic-Outlook-Followup-Organizer-2.0-Pilot\Classic-Outlook-Followup-Organizer-2.0-Pilot\engine\outlook_worker.py", line 47, in connect
    active=win32com.client.GetActiveObject('Outlook.Application')
  File "D:\PRADIP.KAMU\Downloads\Classic-Outlook-Followup-Organizer-2.0-Pilot\Classic-Outlook-Followup-Organizer-2.0-Pilot\.venv\Lib\site-packages\win32com\client\__init__.py", line 94, in GetActiveObject
    dispatch = pythoncom.GetActiveObject(resultCLSID)
pywintypes.com_error: (-2147221021, 'Operation unavailable', None, None)

2026-09-13T10:51:19+00:00
Traceback (most recent call last):
  File "D:\PRADIP.KAMU\Downloads\Classic-Outlook-Followup-Organizer-2.0-Pilot\Classic-Outlook-Followup-Organizer-2.0-Pilot\engine\outlook_worker.py", line 171, in run
    if self.app is None:self.connect()
                        ~~~~~~~~~~~~^^
  File "D:\PRADIP.KAMU\Downloads\Classic-Outlook-Followup-Organizer-2.0-Pilot\Classic-Outlook-Followup-Organizer-2.0-Pilot\engine\outlook_worker.py", line 47, in connect
    active=win32com.client.GetActiveObject('Outlook.Application')
  File "D:\PRADIP.KAMU\Downloads\Classic-Outlook-Followup-Organizer-2.0-Pilot\Classic-Outlook-Followup-Organizer-2.0-Pilot\.venv\Lib\site-packages\win32com\client\__init__.py", line 94, in GetActiveObject
    dispatch = pythoncom.GetActiveObject(resultCLSID)
pywintypes.com_error: (-2147221021, 'Operation unavailable', None, None)

2026-09-13T10:51:49+00:00
Traceback (most recent call last):
  File "D:\PRADIP.KAMU\Downloads\Classic-Outlook-Followup-Organizer-2.0-Pilot\Classic-Outlook-Followup-Organizer-2.0-Pilot\engine\outlook_worker.py", line 171, in run
    if self.app is None:self.connect()
                        ~~~~~~~~~~~~^^
  File "D:\PRADIP.KAMU\Downloads\Classic-Outlook-Followup-Organizer-2.0-Pilot\Classic-Outlook-Followup-Organizer-2.0-Pilot\engine\outlook_worker.py", line 47, in connect
    active=win32com.client.GetActiveObject('Outlook.Application')
  File "D:\PRADIP.KAMU\Downloads\Classic-Outlook-Followup-Organizer-2.0-Pilot\Classic-Outlook-Followup-Organizer-2.0-Pilot\.venv\Lib\site-packages\win32com\client\__init__.py", line 94, in GetActiveObject
    dispatch = pythoncom.GetActiveObject(resultCLSID)
pywintypes.com_error: (-2147221021, 'Operation unavailable', None, None)

2026-09-13T10:52:19+00:00
Traceback (most recent call last):
  File "D:\PRADIP.KAMU\Downloads\Classic-Outlook-Followup-Organizer-2.0-Pilot\Classic-Outlook-Followup-Organizer-2.0-Pilot\engine\outlook_worker.py", line 171, in run
    if self.app is None:self.connect()
                        ~~~~~~~~~~~~^^
  File "D:\PRADIP.KAMU\Downloads\Classic-Outlook-Followup-Organizer-2.0-Pilot\Classic-Outlook-Followup-Organizer-2.0-Pilot\engine\outlook_worker.py", line 47, in connect
    active=win32com.client.GetActiveObject('Outlook.Application')
  File "D:\PRADIP.KAMU\Downloads\Classic-Outlook-Followup-Organizer-2.0-Pilot\Classic-Outlook-Followup-Organizer-2.0-Pilot\.venv\Lib\site-packages\win32com\client\__init__.py", line 94, in GetActiveObject
    dispatch = pythoncom.GetActiveObject(resultCLSID)
pywintypes.com_error: (-2147221021, 'Operation unavailable', None, None)

2026-09-13T10:52:49+00:00
Traceback (most recent call last):
  File "D:\PRADIP.KAMU\Downloads\Classic-Outlook-Followup-Organizer-2.0-Pilot\Classic-Outlook-Followup-Organizer-2.0-Pilot\engine\outlook_worker.py", line 171, in run
    if self.app is None:self.connect()
                        ~~~~~~~~~~~~^^
  File "D:\PRADIP.KAMU\Downloads\Classic-Outlook-Followup-Organizer-2.0-Pilot\Classic-Outlook-Followup-Organizer-2.0-Pilot\engine\outlook_worker.py", line 47, in connect
    active=win32com.client.GetActiveObject('Outlook.Application')
  File "D:\PRADIP.KAMU\Downloads\Classic-Outlook-Followup-Organizer-2.0-Pilot\Classic-Outlook-Followup-Organizer-2.0-Pilot\.venv\Lib\site-packages\win32com\client\__init__.py", line 94, in GetActiveObject
    dispatch = pythoncom.GetActiveObject(resultCLSID)
pywintypes.com_error: (-2147221021, 'Operation unavailable', None, None)

2026-09-13T10:53:19+00:00
Traceback (most recent call last):
  File "D:\PRADIP.KAMU\Downloads\Classic-Outlook-Followup-Organizer-2.0-Pilot\Classic-Outlook-Followup-Organizer-2.0-Pilot\engine\outlook_worker.py", line 171, in run
    if self.app is None:self.connect()
                        ~~~~~~~~~~~~^^
  File "D:\PRADIP.KAMU\Downloads\Classic-Outlook-Followup-Organizer-2.0-Pilot\Classic-Outlook-Followup-Organizer-2.0-Pilot\engine\outlook_worker.py", line 47, in connect
    active=win32com.client.GetActiveObject('Outlook.Application')
  File "D:\PRADIP.KAMU\Downloads\Classic-Outlook-Followup-Organizer-2.0-Pilot\Classic-Outlook-Followup-Organizer-2.0-Pilot\.venv\Lib\site-packages\win32com\client\__init__.py", line 94, in GetActiveObject
    dispatch = pythoncom.GetActiveObject(resultCLSID)
pywintypes.com_error: (-2147221021, 'Operation unavailable', None, None)

2026-09-13T10:53:49+00:00
Traceback (most recent call last):
  File "D:\PRADIP.KAMU\Downloads\Classic-Outlook-Followup-Organizer-2.0-Pilot\Classic-Outlook-Followup-Organizer-2.0-Pilot\engine\outlook_worker.py", line 171, in run
    if self.app is None:self.connect()
                        ~~~~~~~~~~~~^^
  File "D:\PRADIP.KAMU\Downloads\Classic-Outlook-Followup-Organizer-2.0-Pilot\Classic-Outlook-Followup-Organizer-2.0-Pilot\engine\outlook_worker.py", line 47, in connect
    active=win32com.client.GetActiveObject('Outlook.Application')
  File "D:\PRADIP.KAMU\Downloads\Classic-Outlook-Followup-Organizer-2.0-Pilot\Classic-Outlook-Followup-Organizer-2.0-Pilot\.venv\Lib\site-packages\win32com\client\__init__.py", line 94, in GetActiveObject
    dispatch = pythoncom.GetActiveObject(resultCLSID)
pywintypes.com_error: (-2147221021, 'Operation unavailable', None, None)

2026-09-13T10:54:19+00:00
Traceback (most recent call last):
  File "D:\PRADIP.KAMU\Downloads\Classic-Outlook-Followup-Organizer-2.0-Pilot\Classic-Outlook-Followup-Organizer-2.0-Pilot\engine\outlook_worker.py", line 171, in run
    if self.app is None:self.connect()
                        ~~~~~~~~~~~~^^
  File "D:\PRADIP.KAMU\Downloads\Classic-Outlook-Followup-Organizer-2.0-Pilot\Classic-Outlook-Followup-Organizer-2.0-Pilot\engine\outlook_worker.py", line 47, in connect
    active=win32com.client.GetActiveObject('Outlook.Application')
  File "D:\PRADIP.KAMU\Downloads\Classic-Outlook-Followup-Organizer-2.0-Pilot\Classic-Outlook-Followup-Organizer-2.0-Pilot\.venv\Lib\site-packages\win32com\client\__init__.py", line 94, in GetActiveObject
    dispatch = pythoncom.GetActiveObject(resultCLSID)
pywintypes.com_error: (-2147221021, 'Operation unavailable', None, None)

2026-09-13T10:54:49+00:00
Traceback (most recent call last):
  File "D:\PRADIP.KAMU\Downloads\Classic-Outlook-Followup-Organizer-2.0-Pilot\Classic-Outlook-Followup-Organizer-2.0-Pilot\engine\outlook_worker.py", line 171, in run
    if self.app is None:self.connect()
                        ~~~~~~~~~~~~^^
  File "D:\PRADIP.KAMU\Downloads\Classic-Outlook-Followup-Organizer-2.0-Pilot\Classic-Outlook-Followup-Organizer-2.0-Pilot\engine\outlook_worker.py", line 47, in connect
    active=win32com.client.GetActiveObject('Outlook.Application')
  File "D:\PRADIP.KAMU\Downloads\Classic-Outlook-Followup-Organizer-2.0-Pilot\Classic-Outlook-Followup-Organizer-2.0-Pilot\.venv\Lib\site-packages\win32com\client\__init__.py", line 94, in GetActiveObject
    dispatch = pythoncom.GetActiveObject(resultCLSID)
pywintypes.com_error: (-2147221021, 'Operation unavailable', None, None)

2026-09-13T10:55:19+00:00
Traceback (most recent call last):
  File "D:\PRADIP.KAMU\Downloads\Classic-Outlook-Followup-Organizer-2.0-Pilot\Classic-Outlook-Followup-Organizer-2.0-Pilot\engine\outlook_worker.py", line 171, in run
    if self.app is None:self.connect()
                        ~~~~~~~~~~~~^^
  File "D:\PRADIP.KAMU\Downloads\Classic-Outlook-Followup-Organizer-2.0-Pilot\Classic-Outlook-Followup-Organizer-2.0-Pilot\engine\outlook_worker.py", line 47, in connect
    active=win32com.client.GetActiveObject('Outlook.Application')
  File "D:\PRADIP.KAMU\Downloads\Classic-Outlook-Followup-Organizer-2.0-Pilot\Classic-Outlook-Followup-Organizer-2.0-Pilot\.venv\Lib\site-packages\win32com\client\__init__.py", line 94, in GetActiveObject
    dispatch = pythoncom.GetActiveObject(resultCLSID)
pywintypes.com_error: (-2147221021, 'Operation unavailable', None, None)

2026-09-13T11:03:05+00:00
Traceback (most recent call last):
  File "D:\PRADIP.KAMU\Downloads\Classic-Outlook-Followup-Organizer-2.0-Pilot\Classic-Outlook-Followup-Organizer-2.0-Pilot\engine\outlook_worker.py", line 171, in run
    if self.app is None:self.connect()
                        ~~~~~~~~~~~~^^
  File "D:\PRADIP.KAMU\Downloads\Classic-Outlook-Followup-Organizer-2.0-Pilot\Classic-Outlook-Followup-Organizer-2.0-Pilot\engine\outlook_worker.py", line 47, in connect
    active=win32com.client.GetActiveObject('Outlook.Application')
  File "D:\PRADIP.KAMU\Downloads\Classic-Outlook-Followup-Organizer-2.0-Pilot\Classic-Outlook-Followup-Organizer-2.0-Pilot\.venv\Lib\site-packages\win32com\client\__init__.py", line 94, in GetActiveObject
    dispatch = pythoncom.GetActiveObject(resultCLSID)
pywintypes.com_error: (-2147221021, 'Operation unavailable', None, None)

2026-09-13T11:03:36+00:00
Traceback (most recent call last):
  File "D:\PRADIP.KAMU\Downloads\Classic-Outlook-Followup-Organizer-2.0-Pilot\Classic-Outlook-Followup-Organizer-2.0-Pilot\engine\outlook_worker.py", line 171, in run
    if self.app is None:self.connect()
                        ~~~~~~~~~~~~^^
  File "D:\PRADIP.KAMU\Downloads\Classic-Outlook-Followup-Organizer-2.0-Pilot\Classic-Outlook-Followup-Organizer-2.0-Pilot\engine\outlook_worker.py", line 47, in connect
    active=win32com.client.GetActiveObject('Outlook.Application')
  File "D:\PRADIP.KAMU\Downloads\Classic-Outlook-Followup-Organizer-2.0-Pilot\Classic-Outlook-Followup-Organizer-2.0-Pilot\.venv\Lib\site-packages\win32com\client\__init__.py", line 94, in GetActiveObject
    dispatch = pythoncom.GetActiveObject(resultCLSID)
pywintypes.com_error: (-2147221021, 'Operation unavailable', None, None)

2026-09-13T11:04:06+00:00
Traceback (most recent call last):
  File "D:\PRADIP.KAMU\Downloads\Classic-Outlook-Followup-Organizer-2.0-Pilot\Classic-Outlook-Followup-Organizer-2.0-Pilot\engine\outlook_worker.py", line 171, in run
    if self.app is None:self.connect()
                        ~~~~~~~~~~~~^^
  File "D:\PRADIP.KAMU\Downloads\Classic-Outlook-Followup-Organizer-2.0-Pilot\Classic-Outlook-Followup-Organizer-2.0-Pilot\engine\outlook_worker.py", line 47, in connect
    active=win32com.client.GetActiveObject('Outlook.Application')
  File "D:\PRADIP.KAMU\Downloads\Classic-Outlook-Followup-Organizer-2.0-Pilot\Classic-Outlook-Followup-Organizer-2.0-Pilot\.venv\Lib\site-packages\win32com\client\__init__.py", line 94, in GetActiveObject
    dispatch = pythoncom.GetActiveObject(resultCLSID)
pywintypes.com_error: (-2147221021, 'Operation unavailable', None, None)

2026-09-13T11:04:36+00:00
Traceback (most recent call last):
  File "D:\PRADIP.KAMU\Downloads\Classic-Outlook-Followup-Organizer-2.0-Pilot\Classic-Outlook-Followup-Organizer-2.0-Pilot\engine\outlook_worker.py", line 171, in run
    if self.app is None:self.connect()
                        ~~~~~~~~~~~~^^
  File "D:\PRADIP.KAMU\Downloads\Classic-Outlook-Followup-Organizer-2.0-Pilot\Classic-Outlook-Followup-Organizer-2.0-Pilot\engine\outlook_worker.py", line 47, in connect
    active=win32com.client.GetActiveObject('Outlook.Application')
  File "D:\PRADIP.KAMU\Downloads\Classic-Outlook-Followup-Organizer-2.0-Pilot\Classic-Outlook-Followup-Organizer-2.0-Pilot\.venv\Lib\site-packages\win32com\client\__init__.py", line 94, in GetActiveObject
    dispatch = pythoncom.GetActiveObject(resultCLSID)
pywintypes.com_error: (-2147221021, 'Operation unavailable', None, None)

2026-09-13T11:05:06+00:00
Traceback (most recent call last):
  File "D:\PRADIP.KAMU\Downloads\Classic-Outlook-Followup-Organizer-2.0-Pilot\Classic-Outlook-Followup-Organizer-2.0-Pilot\engine\outlook_worker.py", line 171, in run
    if self.app is None:self.connect()
                        ~~~~~~~~~~~~^^
  File "D:\PRADIP.KAMU\Downloads\Classic-Outlook-Followup-Organizer-2.0-Pilot\Classic-Outlook-Followup-Organizer-2.0-Pilot\engine\outlook_worker.py", line 47, in connect
    active=win32com.client.GetActiveObject('Outlook.Application')
  File "D:\PRADIP.KAMU\Downloads\Classic-Outlook-Followup-Organizer-2.0-Pilot\Classic-Outlook-Followup-Organizer-2.0-Pilot\.venv\Lib\site-packages\win32com\client\__init__.py", line 94, in GetActiveObject
    dispatch = pythoncom.GetActiveObject(resultCLSID)
pywintypes.com_error: (-2147221021, 'Operation unavailable', None, None)

2026-09-13T11:05:36+00:00
Traceback (most recent call last):
  File "D:\PRADIP.KAMU\Downloads\Classic-Outlook-Followup-Organizer-2.0-Pilot\Classic-Outlook-Followup-Organizer-2.0-Pilot\engine\outlook_worker.py", line 171, in run
    if self.app is None:self.connect()
                        ~~~~~~~~~~~~^^
  File "D:\PRADIP.KAMU\Downloads\Classic-Outlook-Followup-Organizer-2.0-Pilot\Classic-Outlook-Followup-Organizer-2.0-Pilot\engine\outlook_worker.py", line 47, in connect
    active=win32com.client.GetActiveObject('Outlook.Application')
  File "D:\PRADIP.KAMU\Downloads\Classic-Outlook-Followup-Organizer-2.0-Pilot\Classic-Outlook-Followup-Organizer-2.0-Pilot\.venv\Lib\site-packages\win32com\client\__init__.py", line 94, in GetActiveObject
    dispatch = pythoncom.GetActiveObject(resultCLSID)
pywintypes.com_error: (-2147221021, 'Operation unavailable', None, None)

2026-09-13T11:06:06+00:00
Traceback (most recent call last):
  File "D:\PRADIP.KAMU\Downloads\Classic-Outlook-Followup-Organizer-2.0-Pilot\Classic-Outlook-Followup-Organizer-2.0-Pilot\engine\outlook_worker.py", line 171, in run
    if self.app is None:self.connect()
                        ~~~~~~~~~~~~^^
  File "D:\PRADIP.KAMU\Downloads\Classic-Outlook-Followup-Organizer-2.0-Pilot\Classic-Outlook-Followup-Organizer-2.0-Pilot\engine\outlook_worker.py", line 47, in connect
    active=win32com.client.GetActiveObject('Outlook.Application')
  File "D:\PRADIP.KAMU\Downloads\Classic-Outlook-Followup-Organizer-2.0-Pilot\Classic-Outlook-Followup-Organizer-2.0-Pilot\.venv\Lib\site-packages\win32com\client\__init__.py", line 94, in GetActiveObject
    dispatch = pythoncom.GetActiveObject(resultCLSID)
pywintypes.com_error: (-2147221021, 'Operation unavailable', None, None)

2026-09-13T11:06:36+00:00
Traceback (most recent call last):
  File "D:\PRADIP.KAMU\Downloads\Classic-Outlook-Followup-Organizer-2.0-Pilot\Classic-Outlook-Followup-Organizer-2.0-Pilot\engine\outlook_worker.py", line 171, in run
    if self.app is None:self.connect()
                        ~~~~~~~~~~~~^^
  File "D:\PRADIP.KAMU\Downloads\Classic-Outlook-Followup-Organizer-2.0-Pilot\Classic-Outlook-Followup-Organizer-2.0-Pilot\engine\outlook_worker.py", line 47, in connect
    active=win32com.client.GetActiveObject('Outlook.Application')
  File "D:\PRADIP.KAMU\Downloads\Classic-Outlook-Followup-Organizer-2.0-Pilot\Classic-Outlook-Followup-Organizer-2.0-Pilot\.venv\Lib\site-packages\win32com\client\__init__.py", line 94, in GetActiveObject
    dispatch = pythoncom.GetActiveObject(resultCLSID)
pywintypes.com_error: (-2147221021, 'Operation unavailable', None, None)

2026-09-13T11:07:06+00:00
Traceback (most recent call last):
  File "D:\PRADIP.KAMU\Downloads\Classic-Outlook-Followup-Organizer-2.0-Pilot\Classic-Outlook-Followup-Organizer-2.0-Pilot\engine\outlook_worker.py", line 171, in run
    if self.app is None:self.connect()
                        ~~~~~~~~~~~~^^
  File "D:\PRADIP.KAMU\Downloads\Classic-Outlook-Followup-Organizer-2.0-Pilot\Classic-Outlook-Followup-Organizer-2.0-Pilot\engine\outlook_worker.py", line 47, in connect
    active=win32com.client.GetActiveObject('Outlook.Application')
  File "D:\PRADIP.KAMU\Downloads\Classic-Outlook-Followup-Organizer-2.0-Pilot\Classic-Outlook-Followup-Organizer-2.0-Pilot\.venv\Lib\site-packages\win32com\client\__init__.py", line 94, in GetActiveObject
    dispatch = pythoncom.GetActiveObject(resultCLSID)
pywintypes.com_error: (-2147221021, 'Operation unavailable', None, None)

2026-09-13T11:07:36+00:00
Traceback (most recent call last):
  File "D:\PRADIP.KAMU\Downloads\Classic-Outlook-Followup-Organizer-2.0-Pilot\Classic-Outlook-Followup-Organizer-2.0-Pilot\engine\outlook_worker.py", line 171, in run
    if self.app is None:self.connect()
                        ~~~~~~~~~~~~^^
  File "D:\PRADIP.KAMU\Downloads\Classic-Outlook-Followup-Organizer-2.0-Pilot\Classic-Outlook-Followup-Organizer-2.0-Pilot\engine\outlook_worker.py", line 47, in connect
    active=win32com.client.GetActiveObject('Outlook.Application')
  File "D:\PRADIP.KAMU\Downloads\Classic-Outlook-Followup-Organizer-2.0-Pilot\Classic-Outlook-Followup-Organizer-2.0-Pilot\.venv\Lib\site-packages\win32com\client\__init__.py", line 94, in GetActiveObject
    dispatch = pythoncom.GetActiveObject(resultCLSID)
pywintypes.com_error: (-2147221021, 'Operation unavailable', None, None)

2026-09-13T11:08:06+00:00
Traceback (most recent call last):
  File "D:\PRADIP.KAMU\Downloads\Classic-Outlook-Followup-Organizer-2.0-Pilot\Classic-Outlook-Followup-Organizer-2.0-Pilot\engine\outlook_worker.py", line 171, in run
    if self.app is None:self.connect()
                        ~~~~~~~~~~~~^^
  File "D:\PRADIP.KAMU\Downloads\Classic-Outlook-Followup-Organizer-2.0-Pilot\Classic-Outlook-Followup-Organizer-2.0-Pilot\engine\outlook_worker.py", line 47, in connect
    active=win32com.client.GetActiveObject('Outlook.Application')
  File "D:\PRADIP.KAMU\Downloads\Classic-Outlook-Followup-Organizer-2.0-Pilot\Classic-Outlook-Followup-Organizer-2.0-Pilot\.venv\Lib\site-packages\win32com\client\__init__.py", line 94, in GetActiveObject
    dispatch = pythoncom.GetActiveObject(resultCLSID)
pywintypes.com_error: (-2147221021, 'Operation unavailable', None, None)

2026-09-13T11:08:36+00:00
Traceback (most recent call last):
  File "D:\PRADIP.KAMU\Downloads\Classic-Outlook-Followup-Organizer-2.0-Pilot\Classic-Outlook-Followup-Organizer-2.0-Pilot\engine\outlook_worker.py", line 171, in run
    if self.app is None:self.connect()
                        ~~~~~~~~~~~~^^
  File "D:\PRADIP.KAMU\Downloads\Classic-Outlook-Followup-Organizer-2.0-Pilot\Classic-Outlook-Followup-Organizer-2.0-Pilot\engine\outlook_worker.py", line 47, in connect
    active=win32com.client.GetActiveObject('Outlook.Application')
  File "D:\PRADIP.KAMU\Downloads\Classic-Outlook-Followup-Organizer-2.0-Pilot\Classic-Outlook-Followup-Organizer-2.0-Pilot\.venv\Lib\site-packages\win32com\client\__init__.py", line 94, in GetActiveObject
    dispatch = pythoncom.GetActiveObject(resultCLSID)
pywintypes.com_error: (-2147221021, 'Operation unavailable', None, None)

2026-09-13T11:09:06+00:00
Traceback (most recent call last):
  File "D:\PRADIP.KAMU\Downloads\Classic-Outlook-Followup-Organizer-2.0-Pilot\Classic-Outlook-Followup-Organizer-2.0-Pilot\engine\outlook_worker.py", line 171, in run
    if self.app is None:self.connect()
                        ~~~~~~~~~~~~^^
  File "D:\PRADIP.KAMU\Downloads\Classic-Outlook-Followup-Organizer-2.0-Pilot\Classic-Outlook-Followup-Organizer-2.0-Pilot\engine\outlook_worker.py", line 47, in connect
    active=win32com.client.GetActiveObject('Outlook.Application')
  File "D:\PRADIP.KAMU\Downloads\Classic-Outlook-Followup-Organizer-2.0-Pilot\Classic-Outlook-Followup-Organizer-2.0-Pilot\.venv\Lib\site-packages\win32com\client\__init__.py", line 94, in GetActiveObject
    dispatch = pythoncom.GetActiveObject(resultCLSID)
pywintypes.com_error: (-2147221021, 'Operation unavailable', None, None)

2026-09-13T11:09:36+00:00
Traceback (most recent call last):
  File "D:\PRADIP.KAMU\Downloads\Classic-Outlook-Followup-Organizer-2.0-Pilot\Classic-Outlook-Followup-Organizer-2.0-Pilot\engine\outlook_worker.py", line 171, in run
    if self.app is None:self.connect()
                        ~~~~~~~~~~~~^^
  File "D:\PRADIP.KAMU\Downloads\Classic-Outlook-Followup-Organizer-2.0-Pilot\Classic-Outlook-Followup-Organizer-2.0-Pilot\engine\outlook_worker.py", line 47, in connect
    active=win32com.client.GetActiveObject('Outlook.Application')
  File "D:\PRADIP.KAMU\Downloads\Classic-Outlook-Followup-Organizer-2.0-Pilot\Classic-Outlook-Followup-Organizer-2.0-Pilot\.venv\Lib\site-packages\win32com\client\__init__.py", line 94, in GetActiveObject
    dispatch = pythoncom.GetActiveObject(resultCLSID)
pywintypes.com_error: (-2147221021, 'Operation unavailable', None, None)

2026-09-13T11:10:06+00:00
Traceback (most recent call last):
  File "D:\PRADIP.KAMU\Downloads\Classic-Outlook-Followup-Organizer-2.0-Pilot\Classic-Outlook-Followup-Organizer-2.0-Pilot\engine\outlook_worker.py", line 171, in run
    if self.app is None:self.connect()
                        ~~~~~~~~~~~~^^
  File "D:\PRADIP.KAMU\Downloads\Classic-Outlook-Followup-Organizer-2.0-Pilot\Classic-Outlook-Followup-Organizer-2.0-Pilot\engine\outlook_worker.py", line 47, in connect
    active=win32com.client.GetActiveObject('Outlook.Application')
  File "D:\PRADIP.KAMU\Downloads\Classic-Outlook-Followup-Organizer-2.0-Pilot\Classic-Outlook-Followup-Organizer-2.0-Pilot\.venv\Lib\site-packages\win32com\client\__init__.py", line 94, in GetActiveObject
    dispatch = pythoncom.GetActiveObject(resultCLSID)
pywintypes.com_error: (-2147221021, 'Operation unavailable', None, None)

2026-09-13T11:10:36+00:00
Traceback (most recent call last):
  File "D:\PRADIP.KAMU\Downloads\Classic-Outlook-Followup-Organizer-2.0-Pilot\Classic-Outlook-Followup-Organizer-2.0-Pilot\engine\outlook_worker.py", line 171, in run
    if self.app is None:self.connect()
                        ~~~~~~~~~~~~^^
  File "D:\PRADIP.KAMU\Downloads\Classic-Outlook-Followup-Organizer-2.0-Pilot\Classic-Outlook-Followup-Organizer-2.0-Pilot\engine\outlook_worker.py", line 47, in connect
    active=win32com.client.GetActiveObject('Outlook.Application')
  File "D:\PRADIP.KAMU\Downloads\Classic-Outlook-Followup-Organizer-2.0-Pilot\Classic-Outlook-Followup-Organizer-2.0-Pilot\.venv\Lib\site-packages\win32com\client\__init__.py", line 94, in GetActiveObject
    dispatch = pythoncom.GetActiveObject(resultCLSID)
pywintypes.com_error: (-2147221021, 'Operation unavailable', None, None)

2026-09-13T11:11:06+00:00
Traceback (most recent call last):
  File "D:\PRADIP.KAMU\Downloads\Classic-Outlook-Followup-Organizer-2.0-Pilot\Classic-Outlook-Followup-Organizer-2.0-Pilot\engine\outlook_worker.py", line 171, in run
    if self.app is None:self.connect()
                        ~~~~~~~~~~~~^^
  File "D:\PRADIP.KAMU\Downloads\Classic-Outlook-Followup-Organizer-2.0-Pilot\Classic-Outlook-Followup-Organizer-2.0-Pilot\engine\outlook_worker.py", line 47, in connect
    active=win32com.client.GetActiveObject('Outlook.Application')
  File "D:\PRADIP.KAMU\Downloads\Classic-Outlook-Followup-Organizer-2.0-Pilot\Classic-Outlook-Followup-Organizer-2.0-Pilot\.venv\Lib\site-packages\win32com\client\__init__.py", line 94, in GetActiveObject
    dispatch = pythoncom.GetActiveObject(resultCLSID)
pywintypes.com_error: (-2147221021, 'Operation unavailable', None, None)

2026-09-13T11:11:36+00:00
Traceback (most recent call last):
  File "D:\PRADIP.KAMU\Downloads\Classic-Outlook-Followup-Organizer-2.0-Pilot\Classic-Outlook-Followup-Organizer-2.0-Pilot\engine\outlook_worker.py", line 171, in run
    if self.app is None:self.connect()
                        ~~~~~~~~~~~~^^
  File "D:\PRADIP.KAMU\Downloads\Classic-Outlook-Followup-Organizer-2.0-Pilot\Classic-Outlook-Followup-Organizer-2.0-Pilot\engine\outlook_worker.py", line 47, in connect
    active=win32com.client.GetActiveObject('Outlook.Application')
  File "D:\PRADIP.KAMU\Downloads\Classic-Outlook-Followup-Organizer-2.0-Pilot\Classic-Outlook-Followup-Organizer-2.0-Pilot\.venv\Lib\site-packages\win32com\client\__init__.py", line 94, in GetActiveObject
    dispatch = pythoncom.GetActiveObject(resultCLSID)
pywintypes.com_error: (-2147221021, 'Operation unavailable', None, None)

2026-09-13T11:12:06+00:00
Traceback (most recent call last):
  File "D:\PRADIP.KAMU\Downloads\Classic-Outlook-Followup-Organizer-2.0-Pilot\Classic-Outlook-Followup-Organizer-2.0-Pilot\engine\outlook_worker.py", line 171, in run
    if self.app is None:self.connect()
                        ~~~~~~~~~~~~^^
  File "D:\PRADIP.KAMU\Downloads\Classic-Outlook-Followup-Organizer-2.0-Pilot\Classic-Outlook-Followup-Organizer-2.0-Pilot\engine\outlook_worker.py", line 47, in connect
    active=win32com.client.GetActiveObject('Outlook.Application')
  File "D:\PRADIP.KAMU\Downloads\Classic-Outlook-Followup-Organizer-2.0-Pilot\Classic-Outlook-Followup-Organizer-2.0-Pilot\.venv\Lib\site-packages\win32com\client\__init__.py", line 94, in GetActiveObject
    dispatch = pythoncom.GetActiveObject(resultCLSID)
pywintypes.com_error: (-2147221021, 'Operation unavailable', None, None)

2026-09-13T11:12:36+00:00
Traceback (most recent call last):
  File "D:\PRADIP.KAMU\Downloads\Classic-Outlook-Followup-Organizer-2.0-Pilot\Classic-Outlook-Followup-Organizer-2.0-Pilot\engine\outlook_worker.py", line 171, in run
    if self.app is None:self.connect()
                        ~~~~~~~~~~~~^^
  File "D:\PRADIP.KAMU\Downloads\Classic-Outlook-Followup-Organizer-2.0-Pilot\Classic-Outlook-Followup-Organizer-2.0-Pilot\engine\outlook_worker.py", line 47, in connect
    active=win32com.client.GetActiveObject('Outlook.Application')
  File "D:\PRADIP.KAMU\Downloads\Classic-Outlook-Followup-Organizer-2.0-Pilot\Classic-Outlook-Followup-Organizer-2.0-Pilot\.venv\Lib\site-packages\win32com\client\__init__.py", line 94, in GetActiveObject
    dispatch = pythoncom.GetActiveObject(resultCLSID)
pywintypes.com_error: (-2147221021, 'Operation unavailable', None, None)

2026-09-13T11:13:06+00:00
Traceback (most recent call last):
  File "D:\PRADIP.KAMU\Downloads\Classic-Outlook-Followup-Organizer-2.0-Pilot\Classic-Outlook-Followup-Organizer-2.0-Pilot\engine\outlook_worker.py", line 171, in run
    if self.app is None:self.connect()
                        ~~~~~~~~~~~~^^
  File "D:\PRADIP.KAMU\Downloads\Classic-Outlook-Followup-Organizer-2.0-Pilot\Classic-Outlook-Followup-Organizer-2.0-Pilot\engine\outlook_worker.py", line 47, in connect
    active=win32com.client.GetActiveObject('Outlook.Application')
  File "D:\PRADIP.KAMU\Downloads\Classic-Outlook-Followup-Organizer-2.0-Pilot\Classic-Outlook-Followup-Organizer-2.0-Pilot\.venv\Lib\site-packages\win32com\client\__init__.py", line 94, in GetActiveObject
    dispatch = pythoncom.GetActiveObject(resultCLSID)
pywintypes.com_error: (-2147221021, 'Operation unavailable', None, None)

2026-09-13T11:13:36+00:00
Traceback (most recent call last):
  File "D:\PRADIP.KAMU\Downloads\Classic-Outlook-Followup-Organizer-2.0-Pilot\Classic-Outlook-Followup-Organizer-2.0-Pilot\engine\outlook_worker.py", line 171, in run
    if self.app is None:self.connect()
                        ~~~~~~~~~~~~^^
  File "D:\PRADIP.KAMU\Downloads\Classic-Outlook-Followup-Organizer-2.0-Pilot\Classic-Outlook-Followup-Organizer-2.0-Pilot\engine\outlook_worker.py", line 47, in connect
    active=win32com.client.GetActiveObject('Outlook.Application')
  File "D:\PRADIP.KAMU\Downloads\Classic-Outlook-Followup-Organizer-2.0-Pilot\Classic-Outlook-Followup-Organizer-2.0-Pilot\.venv\Lib\site-packages\win32com\client\__init__.py", line 94, in GetActiveObject
    dispatch = pythoncom.GetActiveObject(resultCLSID)
pywintypes.com_error: (-2147221021, 'Operation unavailable', None, None)

2026-09-13T11:14:06+00:00
Traceback (most recent call last):
  File "D:\PRADIP.KAMU\Downloads\Classic-Outlook-Followup-Organizer-2.0-Pilot\Classic-Outlook-Followup-Organizer-2.0-Pilot\engine\outlook_worker.py", line 171, in run
    if self.app is None:self.connect()
                        ~~~~~~~~~~~~^^
  File "D:\PRADIP.KAMU\Downloads\Classic-Outlook-Followup-Organizer-2.0-Pilot\Classic-Outlook-Followup-Organizer-2.0-Pilot\engine\outlook_worker.py", line 47, in connect
    active=win32com.client.GetActiveObject('Outlook.Application')
  File "D:\PRADIP.KAMU\Downloads\Classic-Outlook-Followup-Organizer-2.0-Pilot\Classic-Outlook-Followup-Organizer-2.0-Pilot\.venv\Lib\site-packages\win32com\client\__init__.py", line 94, in GetActiveObject
    dispatch = pythoncom.GetActiveObject(resultCLSID)
pywintypes.com_error: (-2147221021, 'Operation unavailable', None, None)

2026-09-13T11:14:36+00:00
Traceback (most recent call last):
  File "D:\PRADIP.KAMU\Downloads\Classic-Outlook-Followup-Organizer-2.0-Pilot\Classic-Outlook-Followup-Organizer-2.0-Pilot\engine\outlook_worker.py", line 171, in run
    if self.app is None:self.connect()
                        ~~~~~~~~~~~~^^
  File "D:\PRADIP.KAMU\Downloads\Classic-Outlook-Followup-Organizer-2.0-Pilot\Classic-Outlook-Followup-Organizer-2.0-Pilot\engine\outlook_worker.py", line 47, in connect
    active=win32com.client.GetActiveObject('Outlook.Application')
  File "D:\PRADIP.KAMU\Downloads\Classic-Outlook-Followup-Organizer-2.0-Pilot\Classic-Outlook-Followup-Organizer-2.0-Pilot\.venv\Lib\site-packages\win32com\client\__init__.py", line 94, in GetActiveObject
    dispatch = pythoncom.GetActiveObject(resultCLSID)
pywintypes.com_error: (-2147221021, 'Operation unavailable', None, None)

2026-09-13T11:15:06+00:00
Traceback (most recent call last):
  File "D:\PRADIP.KAMU\Downloads\Classic-Outlook-Followup-Organizer-2.0-Pilot\Classic-Outlook-Followup-Organizer-2.0-Pilot\engine\outlook_worker.py", line 171, in run
    if self.app is None:self.connect()
                        ~~~~~~~~~~~~^^
  File "D:\PRADIP.KAMU\Downloads\Classic-Outlook-Followup-Organizer-2.0-Pilot\Classic-Outlook-Followup-Organizer-2.0-Pilot\engine\outlook_worker.py", line 47, in connect
    active=win32com.client.GetActiveObject('Outlook.Application')
  File "D:\PRADIP.KAMU\Downloads\Classic-Outlook-Followup-Organizer-2.0-Pilot\Classic-Outlook-Followup-Organizer-2.0-Pilot\.venv\Lib\site-packages\win32com\client\__init__.py", line 94, in GetActiveObject
    dispatch = pythoncom.GetActiveObject(resultCLSID)
pywintypes.com_error: (-2147221021, 'Operation unavailable', None, None)

2026-09-13T11:15:36+00:00
Traceback (most recent call last):
  File "D:\PRADIP.KAMU\Downloads\Classic-Outlook-Followup-Organizer-2.0-Pilot\Classic-Outlook-Followup-Organizer-2.0-Pilot\engine\outlook_worker.py", line 171, in run
    if self.app is None:self.connect()
                        ~~~~~~~~~~~~^^
  File "D:\PRADIP.KAMU\Downloads\Classic-Outlook-Followup-Organizer-2.0-Pilot\Classic-Outlook-Followup-Organizer-2.0-Pilot\engine\outlook_worker.py", line 47, in connect
    active=win32com.client.GetActiveObject('Outlook.Application')
  File "D:\PRADIP.KAMU\Downloads\Classic-Outlook-Followup-Organizer-2.0-Pilot\Classic-Outlook-Followup-Organizer-2.0-Pilot\.venv\Lib\site-packages\win32com\client\__init__.py", line 94, in GetActiveObject
    dispatch = pythoncom.GetActiveObject(resultCLSID)
pywintypes.com_error: (-2147221021, 'Operation unavailable', None, None)

2026-09-13T11:16:07+00:00
Traceback (most recent call last):
  File "D:\PRADIP.KAMU\Downloads\Classic-Outlook-Followup-Organizer-2.0-Pilot\Classic-Outlook-Followup-Organizer-2.0-Pilot\engine\outlook_worker.py", line 171, in run
    if self.app is None:self.connect()
                        ~~~~~~~~~~~~^^
  File "D:\PRADIP.KAMU\Downloads\Classic-Outlook-Followup-Organizer-2.0-Pilot\Classic-Outlook-Followup-Organizer-2.0-Pilot\engine\outlook_worker.py", line 47, in connect
    active=win32com.client.GetActiveObject('Outlook.Application')
  File "D:\PRADIP.KAMU\Downloads\Classic-Outlook-Followup-Organizer-2.0-Pilot\Classic-Outlook-Followup-Organizer-2.0-Pilot\.venv\Lib\site-packages\win32com\client\__init__.py", line 94, in GetActiveObject
    dispatch = pythoncom.GetActiveObject(resultCLSID)
pywintypes.com_error: (-2147221021, 'Operation unavailable', None, None)

2026-09-13T11:16:37+00:00
Traceback (most recent call last):
  File "D:\PRADIP.KAMU\Downloads\Classic-Outlook-Followup-Organizer-2.0-Pilot\Classic-Outlook-Followup-Organizer-2.0-Pilot\engine\outlook_worker.py", line 171, in run
    if self.app is None:self.connect()
                        ~~~~~~~~~~~~^^
  File "D:\PRADIP.KAMU\Downloads\Classic-Outlook-Followup-Organizer-2.0-Pilot\Classic-Outlook-Followup-Organizer-2.0-Pilot\engine\outlook_worker.py", line 47, in connect
    active=win32com.client.GetActiveObject('Outlook.Application')
  File "D:\PRADIP.KAMU\Downloads\Classic-Outlook-Followup-Organizer-2.0-Pilot\Classic-Outlook-Followup-Organizer-2.0-Pilot\.venv\Lib\site-packages\win32com\client\__init__.py", line 94, in GetActiveObject
    dispatch = pythoncom.GetActiveObject(resultCLSID)
pywintypes.com_error: (-2147221021, 'Operation unavailable', None, None)

2026-09-13T11:17:07+00:00
Traceback (most recent call last):
  File "D:\PRADIP.KAMU\Downloads\Classic-Outlook-Followup-Organizer-2.0-Pilot\Classic-Outlook-Followup-Organizer-2.0-Pilot\engine\outlook_worker.py", line 171, in run
    if self.app is None:self.connect()
                        ~~~~~~~~~~~~^^
  File "D:\PRADIP.KAMU\Downloads\Classic-Outlook-Followup-Organizer-2.0-Pilot\Classic-Outlook-Followup-Organizer-2.0-Pilot\engine\outlook_worker.py", line 47, in connect
    active=win32com.client.GetActiveObject('Outlook.Application')
  File "D:\PRADIP.KAMU\Downloads\Classic-Outlook-Followup-Organizer-2.0-Pilot\Classic-Outlook-Followup-Organizer-2.0-Pilot\.venv\Lib\site-packages\win32com\client\__init__.py", line 94, in GetActiveObject
    dispatch = pythoncom.GetActiveObject(resultCLSID)
pywintypes.com_error: (-2147221021, 'Operation unavailable', None, None)

2026-09-13T11:17:37+00:00
Traceback (most recent call last):
  File "D:\PRADIP.KAMU\Downloads\Classic-Outlook-Followup-Organizer-2.0-Pilot\Classic-Outlook-Followup-Organizer-2.0-Pilot\engine\outlook_worker.py", line 171, in run
    if self.app is None:self.connect()
                        ~~~~~~~~~~~~^^
  File "D:\PRADIP.KAMU\Downloads\Classic-Outlook-Followup-Organizer-2.0-Pilot\Classic-Outlook-Followup-Organizer-2.0-Pilot\engine\outlook_worker.py", line 47, in connect
    active=win32com.client.GetActiveObject('Outlook.Application')
  File "D:\PRADIP.KAMU\Downloads\Classic-Outlook-Followup-Organizer-2.0-Pilot\Classic-Outlook-Followup-Organizer-2.0-Pilot\.venv\Lib\site-packages\win32com\client\__init__.py", line 94, in GetActiveObject
    dispatch = pythoncom.GetActiveObject(resultCLSID)
pywintypes.com_error: (-2147221021, 'Operation unavailable', None, None)

2026-09-13T11:18:07+00:00
Traceback (most recent call last):
  File "D:\PRADIP.KAMU\Downloads\Classic-Outlook-Followup-Organizer-2.0-Pilot\Classic-Outlook-Followup-Organizer-2.0-Pilot\engine\outlook_worker.py", line 171, in run
    if self.app is None:self.connect()
                        ~~~~~~~~~~~~^^
  File "D:\PRADIP.KAMU\Downloads\Classic-Outlook-Followup-Organizer-2.0-Pilot\Classic-Outlook-Followup-Organizer-2.0-Pilot\engine\outlook_worker.py", line 47, in connect
    active=win32com.client.GetActiveObject('Outlook.Application')
  File "D:\PRADIP.KAMU\Downloads\Classic-Outlook-Followup-Organizer-2.0-Pilot\Classic-Outlook-Followup-Organizer-2.0-Pilot\.venv\Lib\site-packages\win32com\client\__init__.py", line 94, in GetActiveObject
    dispatch = pythoncom.GetActiveObject(resultCLSID)
pywintypes.com_error: (-2147221021, 'Operation unavailable', None, None)

2026-09-13T11:18:37+00:00
Traceback (most recent call last):
  File "D:\PRADIP.KAMU\Downloads\Classic-Outlook-Followup-Organizer-2.0-Pilot\Classic-Outlook-Followup-Organizer-2.0-Pilot\engine\outlook_worker.py", line 171, in run
    if self.app is None:self.connect()
                        ~~~~~~~~~~~~^^
  File "D:\PRADIP.KAMU\Downloads\Classic-Outlook-Followup-Organizer-2.0-Pilot\Classic-Outlook-Followup-Organizer-2.0-Pilot\engine\outlook_worker.py", line 47, in connect
    active=win32com.client.GetActiveObject('Outlook.Application')
  File "D:\PRADIP.KAMU\Downloads\Classic-Outlook-Followup-Organizer-2.0-Pilot\Classic-Outlook-Followup-Organizer-2.0-Pilot\.venv\Lib\site-packages\win32com\client\__init__.py", line 94, in GetActiveObject
    dispatch = pythoncom.GetActiveObject(resultCLSID)
pywintypes.com_error: (-2147221021, 'Operation unavailable', None, None)

2026-09-13T11:19:07+00:00
Traceback (most recent call last):
  File "D:\PRADIP.KAMU\Downloads\Classic-Outlook-Followup-Organizer-2.0-Pilot\Classic-Outlook-Followup-Organizer-2.0-Pilot\engine\outlook_worker.py", line 171, in run
    if self.app is None:self.connect()
                        ~~~~~~~~~~~~^^
  File "D:\PRADIP.KAMU\Downloads\Classic-Outlook-Followup-Organizer-2.0-Pilot\Classic-Outlook-Followup-Organizer-2.0-Pilot\engine\outlook_worker.py", line 47, in connect
    active=win32com.client.GetActiveObject('Outlook.Application')
  File "D:\PRADIP.KAMU\Downloads\Classic-Outlook-Followup-Organizer-2.0-Pilot\Classic-Outlook-Followup-Organizer-2.0-Pilot\.venv\Lib\site-packages\win32com\client\__init__.py", line 94, in GetActiveObject
    dispatch = pythoncom.GetActiveObject(resultCLSID)
pywintypes.com_error: (-2147221021, 'Operation unavailable', None, None)

2026-09-13T11:19:37+00:00
Traceback (most recent call last):
  File "D:\PRADIP.KAMU\Downloads\Classic-Outlook-Followup-Organizer-2.0-Pilot\Classic-Outlook-Followup-Organizer-2.0-Pilot\engine\outlook_worker.py", line 171, in run
    if self.app is None:self.connect()
                        ~~~~~~~~~~~~^^
  File "D:\PRADIP.KAMU\Downloads\Classic-Outlook-Followup-Organizer-2.0-Pilot\Classic-Outlook-Followup-Organizer-2.0-Pilot\engine\outlook_worker.py", line 47, in connect
    active=win32com.client.GetActiveObject('Outlook.Application')
  File "D:\PRADIP.KAMU\Downloads\Classic-Outlook-Followup-Organizer-2.0-Pilot\Classic-Outlook-Followup-Organizer-2.0-Pilot\.venv\Lib\site-packages\win32com\client\__init__.py", line 94, in GetActiveObject
    dispatch = pythoncom.GetActiveObject(resultCLSID)
pywintypes.com_error: (-2147221021, 'Operation unavailable', None, None)

2026-09-13T11:20:07+00:00
Traceback (most recent call last):
  File "D:\PRADIP.KAMU\Downloads\Classic-Outlook-Followup-Organizer-2.0-Pilot\Classic-Outlook-Followup-Organizer-2.0-Pilot\engine\outlook_worker.py", line 171, in run
    if self.app is None:self.connect()
                        ~~~~~~~~~~~~^^
  File "D:\PRADIP.KAMU\Downloads\Classic-Outlook-Followup-Organizer-2.0-Pilot\Classic-Outlook-Followup-Organizer-2.0-Pilot\engine\outlook_worker.py", line 47, in connect
    active=win32com.client.GetActiveObject('Outlook.Application')
  File "D:\PRADIP.KAMU\Downloads\Classic-Outlook-Followup-Organizer-2.0-Pilot\Classic-Outlook-Followup-Organizer-2.0-Pilot\.venv\Lib\site-packages\win32com\client\__init__.py", line 94, in GetActiveObject
    dispatch = pythoncom.GetActiveObject(resultCLSID)
pywintypes.com_error: (-2147221021, 'Operation unavailable', None, None)

2026-09-13T11:20:37+00:00
Traceback (most recent call last):
  File "D:\PRADIP.KAMU\Downloads\Classic-Outlook-Followup-Organizer-2.0-Pilot\Classic-Outlook-Followup-Organizer-2.0-Pilot\engine\outlook_worker.py", line 171, in run
    if self.app is None:self.connect()
                        ~~~~~~~~~~~~^^
  File "D:\PRADIP.KAMU\Downloads\Classic-Outlook-Followup-Organizer-2.0-Pilot\Classic-Outlook-Followup-Organizer-2.0-Pilot\engine\outlook_worker.py", line 47, in connect
    active=win32com.client.GetActiveObject('Outlook.Application')
  File "D:\PRADIP.KAMU\Downloads\Classic-Outlook-Followup-Organizer-2.0-Pilot\Classic-Outlook-Followup-Organizer-2.0-Pilot\.venv\Lib\site-packages\win32com\client\__init__.py", line 94, in GetActiveObject
    dispatch = pythoncom.GetActiveObject(resultCLSID)
pywintypes.com_error: (-2147221021, 'Operation unavailable', None, None)

2026-09-13T11:21:07+00:00
Traceback (most recent call last):
  File "D:\PRADIP.KAMU\Downloads\Classic-Outlook-Followup-Organizer-2.0-Pilot\Classic-Outlook-Followup-Organizer-2.0-Pilot\engine\outlook_worker.py", line 171, in run
    if self.app is None:self.connect()
                        ~~~~~~~~~~~~^^
  File "D:\PRADIP.KAMU\Downloads\Classic-Outlook-Followup-Organizer-2.0-Pilot\Classic-Outlook-Followup-Organizer-2.0-Pilot\engine\outlook_worker.py", line 47, in connect
    active=win32com.client.GetActiveObject('Outlook.Application')
  File "D:\PRADIP.KAMU\Downloads\Classic-Outlook-Followup-Organizer-2.0-Pilot\Classic-Outlook-Followup-Organizer-2.0-Pilot\.venv\Lib\site-packages\win32com\client\__init__.py", line 94, in GetActiveObject
    dispatch = pythoncom.GetActiveObject(resultCLSID)
pywintypes.com_error: (-2147221021, 'Operation unavailable', None, None)

2026-09-13T11:21:37+00:00
Traceback (most recent call last):
  File "D:\PRADIP.KAMU\Downloads\Classic-Outlook-Followup-Organizer-2.0-Pilot\Classic-Outlook-Followup-Organizer-2.0-Pilot\engine\outlook_worker.py", line 171, in run
    if self.app is None:self.connect()
                        ~~~~~~~~~~~~^^
  File "D:\PRADIP.KAMU\Downloads\Classic-Outlook-Followup-Organizer-2.0-Pilot\Classic-Outlook-Followup-Organizer-2.0-Pilot\engine\outlook_worker.py", line 47, in connect
    active=win32com.client.GetActiveObject('Outlook.Application')
  File "D:\PRADIP.KAMU\Downloads\Classic-Outlook-Followup-Organizer-2.0-Pilot\Classic-Outlook-Followup-Organizer-2.0-Pilot\.venv\Lib\site-packages\win32com\client\__init__.py", line 94, in GetActiveObject
    dispatch = pythoncom.GetActiveObject(resultCLSID)
pywintypes.com_error: (-2147221021, 'Operation unavailable', None, None)

2026-09-13T11:22:07+00:00
Traceback (most recent call last):
  File "D:\PRADIP.KAMU\Downloads\Classic-Outlook-Followup-Organizer-2.0-Pilot\Classic-Outlook-Followup-Organizer-2.0-Pilot\engine\outlook_worker.py", line 171, in run
    if self.app is None:self.connect()
                        ~~~~~~~~~~~~^^
  File "D:\PRADIP.KAMU\Downloads\Classic-Outlook-Followup-Organizer-2.0-Pilot\Classic-Outlook-Followup-Organizer-2.0-Pilot\engine\outlook_worker.py", line 47, in connect
    active=win32com.client.GetActiveObject('Outlook.Application')
  File "D:\PRADIP.KAMU\Downloads\Classic-Outlook-Followup-Organizer-2.0-Pilot\Classic-Outlook-Followup-Organizer-2.0-Pilot\.venv\Lib\site-packages\win32com\client\__init__.py", line 94, in GetActiveObject
    dispatch = pythoncom.GetActiveObject(resultCLSID)
pywintypes.com_error: (-2147221021, 'Operation unavailable', None, None)

2026-09-13T11:22:37+00:00
Traceback (most recent call last):
  File "D:\PRADIP.KAMU\Downloads\Classic-Outlook-Followup-Organizer-2.0-Pilot\Classic-Outlook-Followup-Organizer-2.0-Pilot\engine\outlook_worker.py", line 171, in run
    if self.app is None:self.connect()
                        ~~~~~~~~~~~~^^
  File "D:\PRADIP.KAMU\Downloads\Classic-Outlook-Followup-Organizer-2.0-Pilot\Classic-Outlook-Followup-Organizer-2.0-Pilot\engine\outlook_worker.py", line 47, in connect
    active=win32com.client.GetActiveObject('Outlook.Application')
  File "D:\PRADIP.KAMU\Downloads\Classic-Outlook-Followup-Organizer-2.0-Pilot\Classic-Outlook-Followup-Organizer-2.0-Pilot\.venv\Lib\site-packages\win32com\client\__init__.py", line 94, in GetActiveObject
    dispatch = pythoncom.GetActiveObject(resultCLSID)
pywintypes.com_error: (-2147221021, 'Operation unavailable', None, None)

2026-09-13T11:23:07+00:00
Traceback (most recent call last):
  File "D:\PRADIP.KAMU\Downloads\Classic-Outlook-Followup-Organizer-2.0-Pilot\Classic-Outlook-Followup-Organizer-2.0-Pilot\engine\outlook_worker.py", line 171, in run
    if self.app is None:self.connect()
                        ~~~~~~~~~~~~^^
  File "D:\PRADIP.KAMU\Downloads\Classic-Outlook-Followup-Organizer-2.0-Pilot\Classic-Outlook-Followup-Organizer-2.0-Pilot\engine\outlook_worker.py", line 47, in connect
    active=win32com.client.GetActiveObject('Outlook.Application')
  File "D:\PRADIP.KAMU\Downloads\Classic-Outlook-Followup-Organizer-2.0-Pilot\Classic-Outlook-Followup-Organizer-2.0-Pilot\.venv\Lib\site-packages\win32com\client\__init__.py", line 94, in GetActiveObject
    dispatch = pythoncom.GetActiveObject(resultCLSID)
pywintypes.com_error: (-2147221021, 'Operation unavailable', None, None)

2026-09-13T11:23:37+00:00
Traceback (most recent call last):
  File "D:\PRADIP.KAMU\Downloads\Classic-Outlook-Followup-Organizer-2.0-Pilot\Classic-Outlook-Followup-Organizer-2.0-Pilot\engine\outlook_worker.py", line 171, in run
    if self.app is None:self.connect()
                        ~~~~~~~~~~~~^^
  File "D:\PRADIP.KAMU\Downloads\Classic-Outlook-Followup-Organizer-2.0-Pilot\Classic-Outlook-Followup-Organizer-2.0-Pilot\engine\outlook_worker.py", line 47, in connect
    active=win32com.client.GetActiveObject('Outlook.Application')
  File "D:\PRADIP.KAMU\Downloads\Classic-Outlook-Followup-Organizer-2.0-Pilot\Classic-Outlook-Followup-Organizer-2.0-Pilot\.venv\Lib\site-packages\win32com\client\__init__.py", line 94, in GetActiveObject
    dispatch = pythoncom.GetActiveObject(resultCLSID)
pywintypes.com_error: (-2147221021, 'Operation unavailable', None, None)

2026-09-13T11:24:07+00:00
Traceback (most recent call last):
  File "D:\PRADIP.KAMU\Downloads\Classic-Outlook-Followup-Organizer-2.0-Pilot\Classic-Outlook-Followup-Organizer-2.0-Pilot\engine\outlook_worker.py", line 171, in run
    if self.app is None:self.connect()
                        ~~~~~~~~~~~~^^
  File "D:\PRADIP.KAMU\Downloads\Classic-Outlook-Followup-Organizer-2.0-Pilot\Classic-Outlook-Followup-Organizer-2.0-Pilot\engine\outlook_worker.py", line 47, in connect
    active=win32com.client.GetActiveObject('Outlook.Application')
  File "D:\PRADIP.KAMU\Downloads\Classic-Outlook-Followup-Organizer-2.0-Pilot\Classic-Outlook-Followup-Organizer-2.0-Pilot\.venv\Lib\site-packages\win32com\client\__init__.py", line 94, in GetActiveObject
    dispatch = pythoncom.GetActiveObject(resultCLSID)
pywintypes.com_error: (-2147221021, 'Operation unavailable', None, None)

2026-09-13T11:24:37+00:00
Traceback (most recent call last):
  File "D:\PRADIP.KAMU\Downloads\Classic-Outlook-Followup-Organizer-2.0-Pilot\Classic-Outlook-Followup-Organizer-2.0-Pilot\engine\outlook_worker.py", line 171, in run
    if self.app is None:self.connect()
                        ~~~~~~~~~~~~^^
  File "D:\PRADIP.KAMU\Downloads\Classic-Outlook-Followup-Organizer-2.0-Pilot\Classic-Outlook-Followup-Organizer-2.0-Pilot\engine\outlook_worker.py", line 47, in connect
    active=win32com.client.GetActiveObject('Outlook.Application')
  File "D:\PRADIP.KAMU\Downloads\Classic-Outlook-Followup-Organizer-2.0-Pilot\Classic-Outlook-Followup-Organizer-2.0-Pilot\.venv\Lib\site-packages\win32com\client\__init__.py", line 94, in GetActiveObject
    dispatch = pythoncom.GetActiveObject(resultCLSID)
pywintypes.com_error: (-2147221021, 'Operation unavailable', None, None)

2026-09-13T11:25:07+00:00
Traceback (most recent call last):
  File "D:\PRADIP.KAMU\Downloads\Classic-Outlook-Followup-Organizer-2.0-Pilot\Classic-Outlook-Followup-Organizer-2.0-Pilot\engine\outlook_worker.py", line 171, in run
    if self.app is None:self.connect()
                        ~~~~~~~~~~~~^^
  File "D:\PRADIP.KAMU\Downloads\Classic-Outlook-Followup-Organizer-2.0-Pilot\Classic-Outlook-Followup-Organizer-2.0-Pilot\engine\outlook_worker.py", line 47, in connect
    active=win32com.client.GetActiveObject('Outlook.Application')
  File "D:\PRADIP.KAMU\Downloads\Classic-Outlook-Followup-Organizer-2.0-Pilot\Classic-Outlook-Followup-Organizer-2.0-Pilot\.venv\Lib\site-packages\win32com\client\__init__.py", line 94, in GetActiveObject
    dispatch = pythoncom.GetActiveObject(resultCLSID)
pywintypes.com_error: (-2147221021, 'Operation unavailable', None, None)

2026-09-13T11:25:37+00:00
Traceback (most recent call last):
  File "D:\PRADIP.KAMU\Downloads\Classic-Outlook-Followup-Organizer-2.0-Pilot\Classic-Outlook-Followup-Organizer-2.0-Pilot\engine\outlook_worker.py", line 171, in run
    if self.app is None:self.connect()
                        ~~~~~~~~~~~~^^
  File "D:\PRADIP.KAMU\Downloads\Classic-Outlook-Followup-Organizer-2.0-Pilot\Classic-Outlook-Followup-Organizer-2.0-Pilot\engine\outlook_worker.py", line 47, in connect
    active=win32com.client.GetActiveObject('Outlook.Application')
  File "D:\PRADIP.KAMU\Downloads\Classic-Outlook-Followup-Organizer-2.0-Pilot\Classic-Outlook-Followup-Organizer-2.0-Pilot\.venv\Lib\site-packages\win32com\client\__init__.py", line 94, in GetActiveObject
    dispatch = pythoncom.GetActiveObject(resultCLSID)
pywintypes.com_error: (-2147221021, 'Operation unavailable', None, None)

2026-09-13T11:26:07+00:00
Traceback (most recent call last):
  File "D:\PRADIP.KAMU\Downloads\Classic-Outlook-Followup-Organizer-2.0-Pilot\Classic-Outlook-Followup-Organizer-2.0-Pilot\engine\outlook_worker.py", line 171, in run
    if self.app is None:self.connect()
                        ~~~~~~~~~~~~^^
  File "D:\PRADIP.KAMU\Downloads\Classic-Outlook-Followup-Organizer-2.0-Pilot\Classic-Outlook-Followup-Organizer-2.0-Pilot\engine\outlook_worker.py", line 47, in connect
    active=win32com.client.GetActiveObject('Outlook.Application')
  File "D:\PRADIP.KAMU\Downloads\Classic-Outlook-Followup-Organizer-2.0-Pilot\Classic-Outlook-Followup-Organizer-2.0-Pilot\.venv\Lib\site-packages\win32com\client\__init__.py", line 94, in GetActiveObject
    dispatch = pythoncom.GetActiveObject(resultCLSID)
pywintypes.com_error: (-2147221021, 'Operation unavailable', None, None)

2026-09-13T11:26:37+00:00
Traceback (most recent call last):
  File "D:\PRADIP.KAMU\Downloads\Classic-Outlook-Followup-Organizer-2.0-Pilot\Classic-Outlook-Followup-Organizer-2.0-Pilot\engine\outlook_worker.py", line 171, in run
    if self.app is None:self.connect()
                        ~~~~~~~~~~~~^^
  File "D:\PRADIP.KAMU\Downloads\Classic-Outlook-Followup-Organizer-2.0-Pilot\Classic-Outlook-Followup-Organizer-2.0-Pilot\engine\outlook_worker.py", line 47, in connect
    active=win32com.client.GetActiveObject('Outlook.Application')
  File "D:\PRADIP.KAMU\Downloads\Classic-Outlook-Followup-Organizer-2.0-Pilot\Classic-Outlook-Followup-Organizer-2.0-Pilot\.venv\Lib\site-packages\win32com\client\__init__.py", line 94, in GetActiveObject
    dispatch = pythoncom.GetActiveObject(resultCLSID)
pywintypes.com_error: (-2147221021, 'Operation unavailable', None, None)

2026-09-13T11:27:07+00:00
Traceback (most recent call last):
  File "D:\PRADIP.KAMU\Downloads\Classic-Outlook-Followup-Organizer-2.0-Pilot\Classic-Outlook-Followup-Organizer-2.0-Pilot\engine\outlook_worker.py", line 171, in run
    if self.app is None:self.connect()
                        ~~~~~~~~~~~~^^
  File "D:\PRADIP.KAMU\Downloads\Classic-Outlook-Followup-Organizer-2.0-Pilot\Classic-Outlook-Followup-Organizer-2.0-Pilot\engine\outlook_worker.py", line 47, in connect
    active=win32com.client.GetActiveObject('Outlook.Application')
  File "D:\PRADIP.KAMU\Downloads\Classic-Outlook-Followup-Organizer-2.0-Pilot\Classic-Outlook-Followup-Organizer-2.0-Pilot\.venv\Lib\site-packages\win32com\client\__init__.py", line 94, in GetActiveObject
    dispatch = pythoncom.GetActiveObject(resultCLSID)
pywintypes.com_error: (-2147221021, 'Operation unavailable', None, None)

2026-09-13T11:27:37+00:00
Traceback (most recent call last):
  File "D:\PRADIP.KAMU\Downloads\Classic-Outlook-Followup-Organizer-2.0-Pilot\Classic-Outlook-Followup-Organizer-2.0-Pilot\engine\outlook_worker.py", line 171, in run
    if self.app is None:self.connect()
                        ~~~~~~~~~~~~^^
  File "D:\PRADIP.KAMU\Downloads\Classic-Outlook-Followup-Organizer-2.0-Pilot\Classic-Outlook-Followup-Organizer-2.0-Pilot\engine\outlook_worker.py", line 47, in connect
    active=win32com.client.GetActiveObject('Outlook.Application')
  File "D:\PRADIP.KAMU\Downloads\Classic-Outlook-Followup-Organizer-2.0-Pilot\Classic-Outlook-Followup-Organizer-2.0-Pilot\.venv\Lib\site-packages\win32com\client\__init__.py", line 94, in GetActiveObject
    dispatch = pythoncom.GetActiveObject(resultCLSID)
pywintypes.com_error: (-2147221021, 'Operation unavailable', None, None)

2026-09-13T11:28:07+00:00
Traceback (most recent call last):
  File "D:\PRADIP.KAMU\Downloads\Classic-Outlook-Followup-Organizer-2.0-Pilot\Classic-Outlook-Followup-Organizer-2.0-Pilot\engine\outlook_worker.py", line 171, in run
    if self.app is None:self.connect()
                        ~~~~~~~~~~~~^^
  File "D:\PRADIP.KAMU\Downloads\Classic-Outlook-Followup-Organizer-2.0-Pilot\Classic-Outlook-Followup-Organizer-2.0-Pilot\engine\outlook_worker.py", line 47, in connect
    active=win32com.client.GetActiveObject('Outlook.Application')
  File "D:\PRADIP.KAMU\Downloads\Classic-Outlook-Followup-Organizer-2.0-Pilot\Classic-Outlook-Followup-Organizer-2.0-Pilot\.venv\Lib\site-packages\win32com\client\__init__.py", line 94, in GetActiveObject
    dispatch = pythoncom.GetActiveObject(resultCLSID)
pywintypes.com_error: (-2147221021, 'Operation unavailable', None, None)

2026-09-13T11:28:37+00:00
Traceback (most recent call last):
  File "D:\PRADIP.KAMU\Downloads\Classic-Outlook-Followup-Organizer-2.0-Pilot\Classic-Outlook-Followup-Organizer-2.0-Pilot\engine\outlook_worker.py", line 171, in run
    if self.app is None:self.connect()
                        ~~~~~~~~~~~~^^
  File "D:\PRADIP.KAMU\Downloads\Classic-Outlook-Followup-Organizer-2.0-Pilot\Classic-Outlook-Followup-Organizer-2.0-Pilot\engine\outlook_worker.py", line 47, in connect
    active=win32com.client.GetActiveObject('Outlook.Application')
  File "D:\PRADIP.KAMU\Downloads\Classic-Outlook-Followup-Organizer-2.0-Pilot\Classic-Outlook-Followup-Organizer-2.0-Pilot\.venv\Lib\site-packages\win32com\client\__init__.py", line 94, in GetActiveObject
    dispatch = pythoncom.GetActiveObject(resultCLSID)
pywintypes.com_error: (-2147221021, 'Operation unavailable', None, None)

2026-09-13T11:42:21+00:00
Traceback (most recent call last):
  File "D:\PRADIP.KAMU\Downloads\Classic-Outlook-Followup-Organizer-2.0-Pilot\Classic-Outlook-Followup-Organizer-2.0-Pilot\engine\outlook_worker.py", line 171, in run
    if self.app is None:self.connect()
                        ~~~~~~~~~~~~^^
  File "D:\PRADIP.KAMU\Downloads\Classic-Outlook-Followup-Organizer-2.0-Pilot\Classic-Outlook-Followup-Organizer-2.0-Pilot\engine\outlook_worker.py", line 47, in connect
    active=win32com.client.GetActiveObject('Outlook.Application')
  File "D:\PRADIP.KAMU\Downloads\Classic-Outlook-Followup-Organizer-2.0-Pilot\Classic-Outlook-Followup-Organizer-2.0-Pilot\.venv\Lib\site-packages\win32com\client\__init__.py", line 94, in GetActiveObject
    dispatch = pythoncom.GetActiveObject(resultCLSID)
pywintypes.com_error: (-2147221021, 'Operation unavailable', None, None)

2026-09-13T11:42:52+00:00
Traceback (most recent call last):
  File "D:\PRADIP.KAMU\Downloads\Classic-Outlook-Followup-Organizer-2.0-Pilot\Classic-Outlook-Followup-Organizer-2.0-Pilot\engine\outlook_worker.py", line 171, in run
    if self.app is None:self.connect()
                        ~~~~~~~~~~~~^^
  File "D:\PRADIP.KAMU\Downloads\Classic-Outlook-Followup-Organizer-2.0-Pilot\Classic-Outlook-Followup-Organizer-2.0-Pilot\engine\outlook_worker.py", line 47, in connect
    active=win32com.client.GetActiveObject('Outlook.Application')
  File "D:\PRADIP.KAMU\Downloads\Classic-Outlook-Followup-Organizer-2.0-Pilot\Classic-Outlook-Followup-Organizer-2.0-Pilot\.venv\Lib\site-packages\win32com\client\__init__.py", line 94, in GetActiveObject
    dispatch = pythoncom.GetActiveObject(resultCLSID)
pywintypes.com_error: (-2147221021, 'Operation unavailable', None, None)

2026-09-13T11:43:22+00:00
Traceback (most recent call last):
  File "D:\PRADIP.KAMU\Downloads\Classic-Outlook-Followup-Organizer-2.0-Pilot\Classic-Outlook-Followup-Organizer-2.0-Pilot\engine\outlook_worker.py", line 171, in run
    if self.app is None:self.connect()
                        ~~~~~~~~~~~~^^
  File "D:\PRADIP.KAMU\Downloads\Classic-Outlook-Followup-Organizer-2.0-Pilot\Classic-Outlook-Followup-Organizer-2.0-Pilot\engine\outlook_worker.py", line 47, in connect
    active=win32com.client.GetActiveObject('Outlook.Application')
  File "D:\PRADIP.KAMU\Downloads\Classic-Outlook-Followup-Organizer-2.0-Pilot\Classic-Outlook-Followup-Organizer-2.0-Pilot\.venv\Lib\site-packages\win32com\client\__init__.py", line 94, in GetActiveObject
    dispatch = pythoncom.GetActiveObject(resultCLSID)
pywintypes.com_error: (-2147221021, 'Operation unavailable', None, None)

2026-09-13T11:43:52+00:00
Traceback (most recent call last):
  File "D:\PRADIP.KAMU\Downloads\Classic-Outlook-Followup-Organizer-2.0-Pilot\Classic-Outlook-Followup-Organizer-2.0-Pilot\engine\outlook_worker.py", line 171, in run
    if self.app is None:self.connect()
                        ~~~~~~~~~~~~^^
  File "D:\PRADIP.KAMU\Downloads\Classic-Outlook-Followup-Organizer-2.0-Pilot\Classic-Outlook-Followup-Organizer-2.0-Pilot\engine\outlook_worker.py", line 47, in connect
    active=win32com.client.GetActiveObject('Outlook.Application')
  File "D:\PRADIP.KAMU\Downloads\Classic-Outlook-Followup-Organizer-2.0-Pilot\Classic-Outlook-Followup-Organizer-2.0-Pilot\.venv\Lib\site-packages\win32com\client\__init__.py", line 94, in GetActiveObject
    dispatch = pythoncom.GetActiveObject(resultCLSID)
pywintypes.com_error: (-2147221021, 'Operation unavailable', None, None)

2026-09-13T11:44:22+00:00
Traceback (most recent call last):
  File "D:\PRADIP.KAMU\Downloads\Classic-Outlook-Followup-Organizer-2.0-Pilot\Classic-Outlook-Followup-Organizer-2.0-Pilot\engine\outlook_worker.py", line 171, in run
    if self.app is None:self.connect()
                        ~~~~~~~~~~~~^^
  File "D:\PRADIP.KAMU\Downloads\Classic-Outlook-Followup-Organizer-2.0-Pilot\Classic-Outlook-Followup-Organizer-2.0-Pilot\engine\outlook_worker.py", line 47, in connect
    active=win32com.client.GetActiveObject('Outlook.Application')
  File "D:\PRADIP.KAMU\Downloads\Classic-Outlook-Followup-Organizer-2.0-Pilot\Classic-Outlook-Followup-Organizer-2.0-Pilot\.venv\Lib\site-packages\win32com\client\__init__.py", line 94, in GetActiveObject
    dispatch = pythoncom.GetActiveObject(resultCLSID)
pywintypes.com_error: (-2147221021, 'Operation unavailable', None, None)

2026-09-13T11:44:52+00:00
Traceback (most recent call last):
  File "D:\PRADIP.KAMU\Downloads\Classic-Outlook-Followup-Organizer-2.0-Pilot\Classic-Outlook-Followup-Organizer-2.0-Pilot\engine\outlook_worker.py", line 171, in run
    if self.app is None:self.connect()
                        ~~~~~~~~~~~~^^
  File "D:\PRADIP.KAMU\Downloads\Classic-Outlook-Followup-Organizer-2.0-Pilot\Classic-Outlook-Followup-Organizer-2.0-Pilot\engine\outlook_worker.py", line 47, in connect
    active=win32com.client.GetActiveObject('Outlook.Application')
  File "D:\PRADIP.KAMU\Downloads\Classic-Outlook-Followup-Organizer-2.0-Pilot\Classic-Outlook-Followup-Organizer-2.0-Pilot\.venv\Lib\site-packages\win32com\client\__init__.py", line 94, in GetActiveObject
    dispatch = pythoncom.GetActiveObject(resultCLSID)
pywintypes.com_error: (-2147221021, 'Operation unavailable', None, None)

2026-09-13T11:45:22+00:00
Traceback (most recent call last):
  File "D:\PRADIP.KAMU\Downloads\Classic-Outlook-Followup-Organizer-2.0-Pilot\Classic-Outlook-Followup-Organizer-2.0-Pilot\engine\outlook_worker.py", line 171, in run
    if self.app is None:self.connect()
                        ~~~~~~~~~~~~^^
  File "D:\PRADIP.KAMU\Downloads\Classic-Outlook-Followup-Organizer-2.0-Pilot\Classic-Outlook-Followup-Organizer-2.0-Pilot\engine\outlook_worker.py", line 47, in connect
    active=win32com.client.GetActiveObject('Outlook.Application')
  File "D:\PRADIP.KAMU\Downloads\Classic-Outlook-Followup-Organizer-2.0-Pilot\Classic-Outlook-Followup-Organizer-2.0-Pilot\.venv\Lib\site-packages\win32com\client\__init__.py", line 94, in GetActiveObject
    dispatch = pythoncom.GetActiveObject(resultCLSID)
pywintypes.com_error: (-2147221021, 'Operation unavailable', None, None)

2026-09-13T11:45:52+00:00
Traceback (most recent call last):
  File "D:\PRADIP.KAMU\Downloads\Classic-Outlook-Followup-Organizer-2.0-Pilot\Classic-Outlook-Followup-Organizer-2.0-Pilot\engine\outlook_worker.py", line 171, in run
    if self.app is None:self.connect()
                        ~~~~~~~~~~~~^^
  File "D:\PRADIP.KAMU\Downloads\Classic-Outlook-Followup-Organizer-2.0-Pilot\Classic-Outlook-Followup-Organizer-2.0-Pilot\engine\outlook_worker.py", line 47, in connect
    active=win32com.client.GetActiveObject('Outlook.Application')
  File "D:\PRADIP.KAMU\Downloads\Classic-Outlook-Followup-Organizer-2.0-Pilot\Classic-Outlook-Followup-Organizer-2.0-Pilot\.venv\Lib\site-packages\win32com\client\__init__.py", line 94, in GetActiveObject
    dispatch = pythoncom.GetActiveObject(resultCLSID)
pywintypes.com_error: (-2147221021, 'Operation unavailable', None, None)

2026-09-13T11:46:22+00:00
Traceback (most recent call last):
  File "D:\PRADIP.KAMU\Downloads\Classic-Outlook-Followup-Organizer-2.0-Pilot\Classic-Outlook-Followup-Organizer-2.0-Pilot\engine\outlook_worker.py", line 171, in run
    if self.app is None:self.connect()
                        ~~~~~~~~~~~~^^
  File "D:\PRADIP.KAMU\Downloads\Classic-Outlook-Followup-Organizer-2.0-Pilot\Classic-Outlook-Followup-Organizer-2.0-Pilot\engine\outlook_worker.py", line 47, in connect
    active=win32com.client.GetActiveObject('Outlook.Application')
  File "D:\PRADIP.KAMU\Downloads\Classic-Outlook-Followup-Organizer-2.0-Pilot\Classic-Outlook-Followup-Organizer-2.0-Pilot\.venv\Lib\site-packages\win32com\client\__init__.py", line 94, in GetActiveObject
    dispatch = pythoncom.GetActiveObject(resultCLSID)
pywintypes.com_error: (-2147221021, 'Operation unavailable', None, None)

2026-09-13T11:46:52+00:00
Traceback (most recent call last):
  File "D:\PRADIP.KAMU\Downloads\Classic-Outlook-Followup-Organizer-2.0-Pilot\Classic-Outlook-Followup-Organizer-2.0-Pilot\engine\outlook_worker.py", line 171, in run
    if self.app is None:self.connect()
                        ~~~~~~~~~~~~^^
  File "D:\PRADIP.KAMU\Downloads\Classic-Outlook-Followup-Organizer-2.0-Pilot\Classic-Outlook-Followup-Organizer-2.0-Pilot\engine\outlook_worker.py", line 47, in connect
    active=win32com.client.GetActiveObject('Outlook.Application')
  File "D:\PRADIP.KAMU\Downloads\Classic-Outlook-Followup-Organizer-2.0-Pilot\Classic-Outlook-Followup-Organizer-2.0-Pilot\.venv\Lib\site-packages\win32com\client\__init__.py", line 94, in GetActiveObject
    dispatch = pythoncom.GetActiveObject(resultCLSID)
pywintypes.com_error: (-2147221021, 'Operation unavailable', None, None)

2026-09-13T11:47:22+00:00
Traceback (most recent call last):
  File "D:\PRADIP.KAMU\Downloads\Classic-Outlook-Followup-Organizer-2.0-Pilot\Classic-Outlook-Followup-Organizer-2.0-Pilot\engine\outlook_worker.py", line 171, in run
    if self.app is None:self.connect()
                        ~~~~~~~~~~~~^^
  File "D:\PRADIP.KAMU\Downloads\Classic-Outlook-Followup-Organizer-2.0-Pilot\Classic-Outlook-Followup-Organizer-2.0-Pilot\engine\outlook_worker.py", line 47, in connect
    active=win32com.client.GetActiveObject('Outlook.Application')
  File "D:\PRADIP.KAMU\Downloads\Classic-Outlook-Followup-Organizer-2.0-Pilot\Classic-Outlook-Followup-Organizer-2.0-Pilot\.venv\Lib\site-packages\win32com\client\__init__.py", line 94, in GetActiveObject
    dispatch = pythoncom.GetActiveObject(resultCLSID)
pywintypes.com_error: (-2147221021, 'Operation unavailable', None, None)

2026-09-13T11:47:52+00:00
Traceback (most recent call last):
  File "D:\PRADIP.KAMU\Downloads\Classic-Outlook-Followup-Organizer-2.0-Pilot\Classic-Outlook-Followup-Organizer-2.0-Pilot\engine\outlook_worker.py", line 171, in run
    if self.app is None:self.connect()
                        ~~~~~~~~~~~~^^
  File "D:\PRADIP.KAMU\Downloads\Classic-Outlook-Followup-Organizer-2.0-Pilot\Classic-Outlook-Followup-Organizer-2.0-Pilot\engine\outlook_worker.py", line 47, in connect
    active=win32com.client.GetActiveObject('Outlook.Application')
  File "D:\PRADIP.KAMU\Downloads\Classic-Outlook-Followup-Organizer-2.0-Pilot\Classic-Outlook-Followup-Organizer-2.0-Pilot\.venv\Lib\site-packages\win32com\client\__init__.py", line 94, in GetActiveObject
    dispatch = pythoncom.GetActiveObject(resultCLSID)
pywintypes.com_error: (-2147221021, 'Operation unavailable', None, None)

2026-09-13T11:48:22+00:00
Traceback (most recent call last):
  File "D:\PRADIP.KAMU\Downloads\Classic-Outlook-Followup-Organizer-2.0-Pilot\Classic-Outlook-Followup-Organizer-2.0-Pilot\engine\outlook_worker.py", line 171, in run
    if self.app is None:self.connect()
                        ~~~~~~~~~~~~^^
  File "D:\PRADIP.KAMU\Downloads\Classic-Outlook-Followup-Organizer-2.0-Pilot\Classic-Outlook-Followup-Organizer-2.0-Pilot\engine\outlook_worker.py", line 47, in connect
    active=win32com.client.GetActiveObject('Outlook.Application')
  File "D:\PRADIP.KAMU\Downloads\Classic-Outlook-Followup-Organizer-2.0-Pilot\Classic-Outlook-Followup-Organizer-2.0-Pilot\.venv\Lib\site-packages\win32com\client\__init__.py", line 94, in GetActiveObject
    dispatch = pythoncom.GetActiveObject(resultCLSID)
pywintypes.com_error: (-2147221021, 'Operation unavailable', None, None)

2026-09-13T11:48:53+00:00
Traceback (most recent call last):
  File "D:\PRADIP.KAMU\Downloads\Classic-Outlook-Followup-Organizer-2.0-Pilot\Classic-Outlook-Followup-Organizer-2.0-Pilot\engine\outlook_worker.py", line 171, in run
    if self.app is None:self.connect()
                        ~~~~~~~~~~~~^^
  File "D:\PRADIP.KAMU\Downloads\Classic-Outlook-Followup-Organizer-2.0-Pilot\Classic-Outlook-Followup-Organizer-2.0-Pilot\engine\outlook_worker.py", line 47, in connect
    active=win32com.client.GetActiveObject('Outlook.Application')
  File "D:\PRADIP.KAMU\Downloads\Classic-Outlook-Followup-Organizer-2.0-Pilot\Classic-Outlook-Followup-Organizer-2.0-Pilot\.venv\Lib\site-packages\win32com\client\__init__.py", line 94, in GetActiveObject
    dispatch = pythoncom.GetActiveObject(resultCLSID)
pywintypes.com_error: (-2147221021, 'Operation unavailable', None, None)

2026-09-13T11:49:23+00:00
Traceback (most recent call last):
  File "D:\PRADIP.KAMU\Downloads\Classic-Outlook-Followup-Organizer-2.0-Pilot\Classic-Outlook-Followup-Organizer-2.0-Pilot\engine\outlook_worker.py", line 171, in run
    if self.app is None:self.connect()
                        ~~~~~~~~~~~~^^
  File "D:\PRADIP.KAMU\Downloads\Classic-Outlook-Followup-Organizer-2.0-Pilot\Classic-Outlook-Followup-Organizer-2.0-Pilot\engine\outlook_worker.py", line 47, in connect
    active=win32com.client.GetActiveObject('Outlook.Application')
  File "D:\PRADIP.KAMU\Downloads\Classic-Outlook-Followup-Organizer-2.0-Pilot\Classic-Outlook-Followup-Organizer-2.0-Pilot\.venv\Lib\site-packages\win32com\client\__init__.py", line 94, in GetActiveObject
    dispatch = pythoncom.GetActiveObject(resultCLSID)
pywintypes.com_error: (-2147221021, 'Operation unavailable', None, None)

2026-09-13T11:49:53+00:00
Traceback (most recent call last):
  File "D:\PRADIP.KAMU\Downloads\Classic-Outlook-Followup-Organizer-2.0-Pilot\Classic-Outlook-Followup-Organizer-2.0-Pilot\engine\outlook_worker.py", line 171, in run
    if self.app is None:self.connect()
                        ~~~~~~~~~~~~^^
  File "D:\PRADIP.KAMU\Downloads\Classic-Outlook-Followup-Organizer-2.0-Pilot\Classic-Outlook-Followup-Organizer-2.0-Pilot\engine\outlook_worker.py", line 47, in connect
    active=win32com.client.GetActiveObject('Outlook.Application')
  File "D:\PRADIP.KAMU\Downloads\Classic-Outlook-Followup-Organizer-2.0-Pilot\Classic-Outlook-Followup-Organizer-2.0-Pilot\.venv\Lib\site-packages\win32com\client\__init__.py", line 94, in GetActiveObject
    dispatch = pythoncom.GetActiveObject(resultCLSID)
pywintypes.com_error: (-2147221021, 'Operation unavailable', None, None)

2026-09-13T11:50:23+00:00
Traceback (most recent call last):
  File "D:\PRADIP.KAMU\Downloads\Classic-Outlook-Followup-Organizer-2.0-Pilot\Classic-Outlook-Followup-Organizer-2.0-Pilot\engine\outlook_worker.py", line 171, in run
    if self.app is None:self.connect()
                        ~~~~~~~~~~~~^^
  File "D:\PRADIP.KAMU\Downloads\Classic-Outlook-Followup-Organizer-2.0-Pilot\Classic-Outlook-Followup-Organizer-2.0-Pilot\engine\outlook_worker.py", line 47, in connect
    active=win32com.client.GetActiveObject('Outlook.Application')
  File "D:\PRADIP.KAMU\Downloads\Classic-Outlook-Followup-Organizer-2.0-Pilot\Classic-Outlook-Followup-Organizer-2.0-Pilot\.venv\Lib\site-packages\win32com\client\__init__.py", line 94, in GetActiveObject
    dispatch = pythoncom.GetActiveObject(resultCLSID)
pywintypes.com_error: (-2147221021, 'Operation unavailable', None, None)

2026-09-13T11:50:53+00:00
Traceback (most recent call last):
  File "D:\PRADIP.KAMU\Downloads\Classic-Outlook-Followup-Organizer-2.0-Pilot\Classic-Outlook-Followup-Organizer-2.0-Pilot\engine\outlook_worker.py", line 171, in run
    if self.app is None:self.connect()
                        ~~~~~~~~~~~~^^
  File "D:\PRADIP.KAMU\Downloads\Classic-Outlook-Followup-Organizer-2.0-Pilot\Classic-Outlook-Followup-Organizer-2.0-Pilot\engine\outlook_worker.py", line 47, in connect
    active=win32com.client.GetActiveObject('Outlook.Application')
  File "D:\PRADIP.KAMU\Downloads\Classic-Outlook-Followup-Organizer-2.0-Pilot\Classic-Outlook-Followup-Organizer-2.0-Pilot\.venv\Lib\site-packages\win32com\client\__init__.py", line 94, in GetActiveObject
    dispatch = pythoncom.GetActiveObject(resultCLSID)
pywintypes.com_error: (-2147221021, 'Operation unavailable', None, None)

2026-09-13T11:51:23+00:00
Traceback (most recent call last):
  File "D:\PRADIP.KAMU\Downloads\Classic-Outlook-Followup-Organizer-2.0-Pilot\Classic-Outlook-Followup-Organizer-2.0-Pilot\engine\outlook_worker.py", line 171, in run
    if self.app is None:self.connect()
                        ~~~~~~~~~~~~^^
  File "D:\PRADIP.KAMU\Downloads\Classic-Outlook-Followup-Organizer-2.0-Pilot\Classic-Outlook-Followup-Organizer-2.0-Pilot\engine\outlook_worker.py", line 47, in connect
    active=win32com.client.GetActiveObject('Outlook.Application')
  File "D:\PRADIP.KAMU\Downloads\Classic-Outlook-Followup-Organizer-2.0-Pilot\Classic-Outlook-Followup-Organizer-2.0-Pilot\.venv\Lib\site-packages\win32com\client\__init__.py", line 94, in GetActiveObject
    dispatch = pythoncom.GetActiveObject(resultCLSID)
pywintypes.com_error: (-2147221021, 'Operation unavailable', None, None)

2026-09-13T11:51:53+00:00
Traceback (most recent call last):
  File "D:\PRADIP.KAMU\Downloads\Classic-Outlook-Followup-Organizer-2.0-Pilot\Classic-Outlook-Followup-Organizer-2.0-Pilot\engine\outlook_worker.py", line 171, in run
    if self.app is None:self.connect()
                        ~~~~~~~~~~~~^^
  File "D:\PRADIP.KAMU\Downloads\Classic-Outlook-Followup-Organizer-2.0-Pilot\Classic-Outlook-Followup-Organizer-2.0-Pilot\engine\outlook_worker.py", line 47, in connect
    active=win32com.client.GetActiveObject('Outlook.Application')
  File "D:\PRADIP.KAMU\Downloads\Classic-Outlook-Followup-Organizer-2.0-Pilot\Classic-Outlook-Followup-Organizer-2.0-Pilot\.venv\Lib\site-packages\win32com\client\__init__.py", line 94, in GetActiveObject
    dispatch = pythoncom.GetActiveObject(resultCLSID)
pywintypes.com_error: (-2147221021, 'Operation unavailable', None, None)

2026-09-13T11:52:23+00:00
Traceback (most recent call last):
  File "D:\PRADIP.KAMU\Downloads\Classic-Outlook-Followup-Organizer-2.0-Pilot\Classic-Outlook-Followup-Organizer-2.0-Pilot\engine\outlook_worker.py", line 171, in run
    if self.app is None:self.connect()
                        ~~~~~~~~~~~~^^
  File "D:\PRADIP.KAMU\Downloads\Classic-Outlook-Followup-Organizer-2.0-Pilot\Classic-Outlook-Followup-Organizer-2.0-Pilot\engine\outlook_worker.py", line 47, in connect
    active=win32com.client.GetActiveObject('Outlook.Application')
  File "D:\PRADIP.KAMU\Downloads\Classic-Outlook-Followup-Organizer-2.0-Pilot\Classic-Outlook-Followup-Organizer-2.0-Pilot\.venv\Lib\site-packages\win32com\client\__init__.py", line 94, in GetActiveObject
    dispatch = pythoncom.GetActiveObject(resultCLSID)
pywintypes.com_error: (-2147221021, 'Operation unavailable', None, None)

2026-09-13T11:54:25+00:00
Traceback (most recent call last):
  File "D:\PRADIP.KAMU\Downloads\Classic-Outlook-Followup-Organizer-2.0-Pilot\Classic-Outlook-Followup-Organizer-2.0-Pilot\engine\outlook_worker.py", line 171, in run
    if self.app is None:self.connect()
                        ~~~~~~~~~~~~^^
  File "D:\PRADIP.KAMU\Downloads\Classic-Outlook-Followup-Organizer-2.0-Pilot\Classic-Outlook-Followup-Organizer-2.0-Pilot\engine\outlook_worker.py", line 47, in connect
    active=win32com.client.GetActiveObject('Outlook.Application')
  File "D:\PRADIP.KAMU\Downloads\Classic-Outlook-Followup-Organizer-2.0-Pilot\Classic-Outlook-Followup-Organizer-2.0-Pilot\.venv\Lib\site-packages\win32com\client\__init__.py", line 94, in GetActiveObject
    dispatch = pythoncom.GetActiveObject(resultCLSID)
pywintypes.com_error: (-2147221021, 'Operation unavailable', None, None)

2026-09-13T11:54:55+00:00
Traceback (most recent call last):
  File "D:\PRADIP.KAMU\Downloads\Classic-Outlook-Followup-Organizer-2.0-Pilot\Classic-Outlook-Followup-Organizer-2.0-Pilot\engine\outlook_worker.py", line 171, in run
    if self.app is None:self.connect()
                        ~~~~~~~~~~~~^^
  File "D:\PRADIP.KAMU\Downloads\Classic-Outlook-Followup-Organizer-2.0-Pilot\Classic-Outlook-Followup-Organizer-2.0-Pilot\engine\outlook_worker.py", line 47, in connect
    active=win32com.client.GetActiveObject('Outlook.Application')
  File "D:\PRADIP.KAMU\Downloads\Classic-Outlook-Followup-Organizer-2.0-Pilot\Classic-Outlook-Followup-Organizer-2.0-Pilot\.venv\Lib\site-packages\win32com\client\__init__.py", line 94, in GetActiveObject
    dispatch = pythoncom.GetActiveObject(resultCLSID)
pywintypes.com_error: (-2147221021, 'Operation unavailable', None, None)

